ID,hijri_year,gregorian_date,gregorian_year,gregorian_month,gregorian_day,region_number,region_name,male_count,female_count,age_under_18,age_18_to_30,age_30_to_40,age_40_to_50,age_over_50,saudi_national_count,non_saudi_national_count,death_flag,injured_flag,total_deaths,total_injuries
1,1437,10/14/2015,2015,10,14,1,riyadh,279,31,65,94,125,15,11,172,138,0,1,0,310
2,1437,11/13/2015,2015,11,13,1,riyadh,245,93,61,89,82,63,43,204,134,0,1,0,338
3,1437,12/12/2015,2015,12,12,1,riyadh,244,89,59,88,85,59,42,187,146,0,1,0,333
4,1437,1/11/2016,2016,1,11,1,riyadh,303,36,61,89,81,64,44,177,162,0,1,0,339
5,1437,2/10/2016,2016,2,10,1,riyadh,294,29,56,84,79,62,42,158,165,0,1,0,323
6,1437,3/10/2016,2016,3,10,1,riyadh,306,37,91,87,83,63,19,195,148,0,1,0,343
7,1437,4/8/2016,2016,4,8,1,riyadh,344,33,36,144,131,36,30,177,200,0,1,0,377
8,1437,5/8/2016,2016,5,8,1,riyadh,337,45,26,163,131,39,23,209,173,0,1,0,382
9,1437,6/6/2016,2016,6,6,1,riyadh,423,46,108,146,136,44,35,205,264,0,1,0,469
10,1437,7/6/2016,2016,7,6,1,riyadh,314,35,32,106,55,142,14,194,155,0,1,0,349
11,1437,8/4/2016,2016,8,4,1,riyadh,254,22,46,68,83,49,30,149,127,0,1,0,276
12,1437,9/2/2016,2016,9,2,1,riyadh,330,38,68,132,111,34,23,169,199,0,1,0,368
13,1437,10/14/2015,2015,10,14,2,madinah,298,43,2,30,98,145,66,160,181,0,1,0,341
14,1437,11/13/2015,2015,11,13,2,madinah,337,41,20,90,120,87,61,206,172,0,1,0,378
15,1437,12/12/2015,2015,12,12,2,madinah,286,71,50,120,65,82,40,220,137,0,1,0,357
16,1437,1/11/2016,2016,1,11,2,madinah,265,69,44,78,69,93,50,148,186,0,1,0,334
17,1437,2/10/2016,2016,2,10,2,madinah,293,44,55,68,81,70,63,168,169,0,1,0,337
18,1437,3/10/2016,2016,3,10,2,madinah,323,80,69,82,94,102,56,189,214,0,1,0,403
19,1437,4/8/2016,2016,4,8,2,madinah,311,58,70,78,76,86,59,172,197,0,1,0,369
20,1437,5/8/2016,2016,5,8,2,madinah,288,59,59,73,76,78,61,175,172,0,1,0,347
21,1437,6/6/2016,2016,6,6,2,madinah,309,46,15,46,50,80,164,140,215,0,1,0,355
22,1437,7/6/2016,2016,7,6,2,madinah,294,30,40,50,110,35,89,192,132,0,1,0,324
23,1437,8/4/2016,2016,8,4,2,madinah,254,61,40,85,90,60,40,149,166,0,1,0,315
24,1437,9/2/2016,2016,9,2,2,madinah,278,46,25,60,121,87,31,194,130,0,1,0,324
25,1437,10/14/2015,2015,10,14,3,easternprovince,264,166,24,119,110,108,69,249,181,0,1,0,430
26,1437,11/13/2015,2015,11,13,3,easternprovince,448,101,34,168,145,123,79,357,192,0,1,0,549
27,1437,12/12/2015,2015,12,12,3,easternprovince,341,117,36,154,133,81,54,311,147,0,1,0,458
28,1437,1/11/2016,2016,1,11,3,easternprovince,386,111,29,164,136,103,65,340,157,0,1,0,497
29,1437,2/10/2016,2016,2,10,3,easternprovince,361,62,21,145,112,89,56,270,153,0,1,0,423
30,1437,3/10/2016,2016,3,10,3,easternprovince,312,79,33,131,120,66,41,301,90,0,1,0,391
31,1437,4/8/2016,2016,4,8,3,easternprovince,284,85,26,114,106,79,44,238,131,0,1,0,369
32,1437,5/8/2016,2016,5,8,3,easternprovince,310,69,16,127,109,78,49,234,145,0,1,0,379
33,1437,6/6/2016,2016,6,6,3,easternprovince,250,40,38,59,95,73,25,190,100,0,1,0,290
34,1437,7/6/2016,2016,7,6,3,easternprovince,241,94,63,126,81,44,21,190,145,0,1,0,335
35,1437,8/4/2016,2016,8,4,3,easternprovince,245,129,50,141,94,56,33,218,156,0,1,0,374
36,1437,9/2/2016,2016,9,2,3,easternprovince,291,107,39,123,120,84,32,238,160,0,1,0,398
37,1437,10/14/2015,2015,10,14,4,northernborders,45,7,15,16,11,7,3,36,16,0,1,0,52
38,1437,11/13/2015,2015,11,13,4,northernborders,45,2,9,18,12,6,2,41,6,0,1,0,47
39,1437,12/12/2015,2015,12,12,4,northernborders,44,18,21,19,13,8,1,58,4,0,1,0,62
40,1437,1/11/2016,2016,1,11,4,northernborders,70,9,12,29,28,4,6,62,17,0,1,0,79
41,1437,2/10/2016,2016,2,10,4,northernborders,67,11,15,33,19,7,4,66,12,0,1,0,78
42,1437,3/10/2016,2016,3,10,4,northernborders,39,5,14,22,3,3,2,36,8,0,1,0,44
43,1437,4/8/2016,2016,4,8,4,northernborders,47,2,18,16,14,1,0,40,9,0,1,0,49
44,1437,5/8/2016,2016,5,8,4,northernborders,35,2,5,14,10,7,1,28,9,0,1,0,37
45,1437,6/6/2016,2016,6,6,4,northernborders,47,3,9,6,26,7,2,26,24,0,1,0,50
46,1437,7/6/2016,2016,7,6,4,northernborders,36,8,6,14,14,6,4,37,7,0,1,0,44
47,1437,8/4/2016,2016,8,4,4,northernborders,32,6,14,6,7,6,5,30,8,0,1,0,38
48,1437,9/2/2016,2016,9,2,4,northernborders,45,6,9,26,8,4,4,30,21,0,1,0,51
49,1437,10/14/2015,2015,10,14,5,tabuk,186,28,27,90,61,28,8,158,56,0,1,0,214
50,1437,11/13/2015,2015,11,13,5,tabuk,124,33,26,54,56,17,4,118,39,0,1,0,157
51,1437,12/12/2015,2015,12,12,5,tabuk,155,15,15,71,47,22,15,136,34,0,1,0,170
52,1437,1/11/2016,2016,1,11,5,tabuk,106,12,21,36,39,14,8,90,28,0,1,0,118
53,1437,2/10/2016,2016,2,10,5,tabuk,123,25,28,40,46,25,9,117,31,0,1,0,148
54,1437,3/10/2016,2016,3,10,5,tabuk,108,13,9,50,33,23,6,83,38,0,1,0,121
55,1437,4/8/2016,2016,4,8,5,tabuk,99,24,18,39,37,22,7,82,41,0,1,0,123
56,1437,5/8/2016,2016,5,8,5,tabuk,146,13,24,44,52,29,10,109,50,0,1,0,159
57,1437,6/6/2016,2016,6,6,5,tabuk,118,11,21,39,42,20,7,89,40,0,1,0,129
58,1437,7/6/2016,2016,7,6,5,tabuk,86,32,18,26,38,26,10,76,42,0,1,0,118
59,1437,8/4/2016,2016,8,4,5,tabuk,114,29,25,30,49,28,11,97,46,0,1,0,143
60,1437,9/2/2016,2016,9,2,5,tabuk,110,14,19,45,39,19,2,89,35,0,1,0,124
61,1437,10/14/2015,2015,10,14,6,aljouf,35,5,10,14,11,5,0,29,11,0,1,0,40
62,1437,11/13/2015,2015,11,13,6,aljouf,57,7,17,19,14,11,3,52,12,0,1,0,64
63,1437,12/12/2015,2015,12,12,6,aljouf,24,6,7,15,3,2,3,22,8,0,1,0,30
64,1437,1/11/2016,2016,1,11,6,aljouf,36,1,16,13,7,1,0,26,11,0,1,0,37
65,1437,2/10/2016,2016,2,10,6,aljouf,39,4,5,11,17,7,3,33,10,0,1,0,43
66,1437,3/10/2016,2016,3,10,6,aljouf,35,0,7,8,12,5,3,32,3,0,1,0,35
67,1437,4/8/2016,2016,4,8,6,aljouf,50,3,14,16,19,4,0,42,11,0,1,0,53
68,1437,5/8/2016,2016,5,8,6,aljouf,47,10,12,25,13,7,0,51,6,0,1,0,57
69,1437,6/6/2016,2016,6,6,6,aljouf,63,6,12,25,24,5,3,45,24,0,1,0,69
70,1437,7/6/2016,2016,7,6,6,aljouf,42,6,4,8,15,10,11,24,24,0,1,0,48
71,1437,8/4/2016,2016,8,4,6,aljouf,41,5,7,4,17,10,8,24,22,0,1,0,46
72,1437,9/2/2016,2016,9,2,6,aljouf,48,4,10,21,10,2,9,42,10,0,1,0,52
73,1437,10/14/2015,2015,10,14,7,hail,82,15,5,35,26,23,8,87,10,0,1,0,97
74,1437,11/13/2015,2015,11,13,7,hail,77,8,6,27,22,19,11,63,22,0,1,0,85
75,1437,12/12/2015,2015,12,12,7,hail,81,6,6,28,23,19,11,65,22,0,1,0,87
76,1437,1/11/2016,2016,1,11,7,hail,82,9,4,27,24,20,16,81,10,0,1,0,91
77,1437,2/10/2016,2016,2,10,7,hail,71,9,5,36,21,14,4,68,12,0,1,0,80
78,1437,3/10/2016,2016,3,10,7,hail,56,10,2,30,19,10,5,55,11,0,1,0,66
79,1437,4/8/2016,2016,4,8,7,hail,71,11,2,35,24,14,7,73,9,0,1,0,82
80,1437,5/8/2016,2016,5,8,7,hail,77,8,1,32,29,18,5,78,7,0,1,0,85
81,1437,6/6/2016,2016,6,6,7,hail,65,6,2,27,19,16,7,62,9,0,1,0,71
82,1437,7/6/2016,2016,7,6,7,hail,66,9,2,27,23,15,8,59,16,0,1,0,75
83,1437,8/4/2016,2016,8,4,7,hail,43,13,3,21,16,10,6,46,10,0,1,0,56
84,1437,9/2/2016,2016,9,2,7,hail,56,1,2,21,15,11,8,50,7,0,1,0,57
85,1437,10/14/2015,2015,10,14,8,najran,24,1,6,15,3,1,0,8,17,0,1,0,25
86,1437,11/13/2015,2015,11,13,8,najran,54,3,17,30,6,3,1,27,30,0,1,0,57
87,1437,12/12/2015,2015,12,12,8,najran,56,2,20,32,4,2,0,30,28,0,1,0,58
88,1437,1/11/2016,2016,1,11,8,najran,27,6,8,16,7,2,0,12,21,0,1,0,33
89,1437,2/10/2016,2016,2,10,8,najran,33,3,10,16,9,1,0,14,22,0,1,0,36
90,1437,3/10/2016,2016,3,10,8,najran,45,3,11,15,12,10,0,24,24,0,1,0,48
91,1437,4/8/2016,2016,4,8,8,najran,52,6,12,18,15,13,0,35,23,0,1,0,58
92,1437,5/8/2016,2016,5,8,8,najran,66,7,15,21,18,16,3,26,47,0,1,0,73
93,1437,6/6/2016,2016,6,6,8,najran,58,36,21,24,23,20,6,30,64,0,1,0,94
94,1437,7/6/2016,2016,7,6,8,najran,55,8,18,22,10,8,5,26,37,0,1,0,63
95,1437,8/4/2016,2016,8,4,8,najran,69,6,24,26,13,9,3,29,46,0,1,0,75
96,1437,9/2/2016,2016,9,2,8,najran,78,8,9,34,24,13,6,41,45,0,1,0,86
97,1437,10/14/2015,2015,10,14,9,qassim,105,13,14,51,29,16,8,74,44,0,1,0,118
98,1437,11/13/2015,2015,11,13,9,qassim,153,12,36,58,51,16,4,86,79,0,1,0,165
99,1437,12/12/2015,2015,12,12,9,qassim,103,15,19,41,46,8,4,55,63,0,1,0,118
100,1437,1/11/2016,2016,1,11,9,qassim,110,12,18,42,45,15,2,60,62,0,1,0,122
101,1437,2/10/2016,2016,2,10,9,qassim,104,10,13,44,46,9,2,61,53,0,1,0,114
102,1437,3/10/2016,2016,3,10,9,qassim,105,14,16,38,45,14,6,56,63,0,1,0,119
103,1437,4/8/2016,2016,4,8,9,qassim,87,12,19,32,36,7,5,36,63,0,1,0,99
104,1437,5/8/2016,2016,5,8,9,qassim,101,18,23,37,48,7,4,47,72,0,1,0,119
105,1437,6/6/2016,2016,6,6,9,qassim,100,20,22,40,44,8,6,50,70,0,1,0,120
106,1437,7/6/2016,2016,7,6,9,qassim,148,15,38,52,61,8,4,49,114,0,1,0,163
107,1437,8/4/2016,2016,8,4,9,qassim,112,17,14,55,33,19,8,77,52,0,1,0,129
108,1437,9/2/2016,2016,9,2,9,qassim,115,12,27,48,43,6,3,49,78,0,1,0,127
109,1437,10/14/2015,2015,10,14,10,albaha,91,13,17,54,23,2,8,77,27,0,1,0,104
110,1437,11/13/2015,2015,11,13,10,albaha,116,20,23,64,32,9,8,112,24,0,1,0,136
111,1437,12/12/2015,2015,12,12,10,albaha,90,17,18,53,23,8,5,77,30,0,1,0,107
112,1437,1/11/2016,2016,1,11,10,albaha,61,13,13,30,22,7,2,64,10,0,1,0,74
113,1437,2/10/2016,2016,2,10,10,albaha,95,23,16,50,39,9,4,99,19,0,1,0,118
114,1437,3/10/2016,2016,3,10,10,albaha,80,11,11,39,23,11,7,60,31,0,1,0,91
115,1437,4/8/2016,2016,4,8,10,albaha,106,13,8,64,29,12,6,95,24,0,1,0,119
116,1437,5/8/2016,2016,5,8,10,albaha,94,9,10,56,22,13,2,76,27,0,1,0,103
117,1437,6/6/2016,2016,6,6,10,albaha,57,13,13,39,13,5,0,50,20,0,1,0,70
118,1437,7/6/2016,2016,7,6,10,albaha,93,3,12,41,28,11,4,75,21,0,1,0,96
119,1437,8/4/2016,2016,8,4,10,albaha,104,19,8,68,32,8,7,107,16,0,1,0,123
120,1437,9/2/2016,2016,9,2,10,albaha,76,10,16,40,19,5,6,76,10,0,1,0,86
121,1437,10/14/2015,2015,10,14,11,asir,185,51,58,112,38,13,15,203,33,0,1,0,236
122,1437,11/13/2015,2015,11,13,11,asir,167,24,36,102,31,11,11,148,43,0,1,0,191
123,1437,12/12/2015,2015,12,12,11,asir,175,45,59,80,37,21,23,160,60,0,1,0,220
124,1437,1/11/2016,2016,1,11,11,asir,175,49,53,84,40,21,26,181,43,0,1,0,224
125,1437,2/10/2016,2016,2,10,11,asir,149,36,30,96,38,6,15,134,51,0,1,0,185
126,1437,3/10/2016,2016,3,10,11,asir,152,28,46,82,27,13,12,149,31,0,1,0,180
127,1437,4/8/2016,2016,4,8,11,asir,171,20,35,97,36,11,12,151,40,0,1,0,191
128,1437,5/8/2016,2016,5,8,11,asir,172,51,52,96,29,17,29,178,45,0,1,0,223
129,1437,6/6/2016,2016,6,6,11,asir,162,43,56,96,29,16,8,152,53,0,1,0,205
130,1437,7/6/2016,2016,7,6,11,asir,189,47,63,90,40,19,24,195,41,0,1,0,236
131,1437,8/4/2016,2016,8,4,11,asir,188,34,60,93,37,18,14,184,38,0,1,0,222
132,1437,9/2/2016,2016,9,2,11,asir,196,32,58,94,50,13,13,165,63,0,1,0,228
133,1437,10/14/2015,2015,10,14,12,jazan,157,46,24,56,83,24,16,138,65,0,1,0,203
134,1437,11/13/2015,2015,11,13,12,jazan,143,41,27,51,66,23,17,79,105,0,1,0,184
135,1437,12/12/2015,2015,12,12,12,jazan,192,18,36,57,63,27,27,158,52,0,1,0,210
136,1437,1/11/2016,2016,1,11,12,jazan,163,21,24,51,58,29,22,129,55,0,1,0,184
137,1437,2/10/2016,2016,2,10,12,jazan,168,31,34,55,61,31,18,138,61,0,1,0,199
138,1437,3/10/2016,2016,3,10,12,jazan,140,36,34,44,51,30,17,123,53,0,1,0,176
139,1437,4/8/2016,2016,4,8,12,jazan,174,21,23,57,65,32,18,129,66,0,1,0,195
140,1437,5/8/2016,2016,5,8,12,jazan,197,42,31,67,79,46,16,152,87,0,1,0,239
141,1437,6/6/2016,2016,6,6,12,jazan,34,136,27,33,42,25,43,147,23,0,1,0,170
142,1437,7/6/2016,2016,7,6,12,jazan,123,39,23,42,61,27,9,57,105,0,1,0,162
143,1437,8/4/2016,2016,8,4,12,jazan,141,14,13,42,29,52,19,101,54,0,1,0,155
144,1437,9/2/2016,2016,9,2,12,jazan,150,32,23,45,67,31,16,110,72,0,1,0,182
145,1437,10/14/2015,2015,10,14,13,jeddah,257,62,38,89,76,59,57,188,131,0,1,0,319
146,1437,11/13/2015,2015,11,13,13,jeddah,277,88,41,101,95,64,64,179,186,0,1,0,365
147,1437,12/12/2015,2015,12,12,13,jeddah,267,64,38,94,86,59,54,157,174,0,1,0,331
148,1437,1/11/2016,2016,1,11,13,jeddah,273,51,34,101,77,61,51,151,173,0,1,0,324
149,1437,2/10/2016,2016,2,10,13,jeddah,260,50,46,107,62,52,43,159,151,0,1,0,310
150,1437,3/10/2016,2016,3,10,13,jeddah,282,42,61,91,65,51,56,153,171,0,1,0,324
151,1437,4/8/2016,2016,4,8,13,jeddah,197,47,35,87,55,41,26,118,126,0,1,0,244
152,1437,5/8/2016,2016,5,8,13,jeddah,277,31,41,89,71,65,42,137,171,0,1,0,308
153,1437,6/6/2016,2016,6,6,13,jeddah,269,28,24,95,79,54,45,146,151,0,1,0,297
154,1437,7/6/2016,2016,7,6,13,jeddah,280,28,19,159,72,35,23,173,135,0,1,0,308
155,1437,8/4/2016,2016,8,4,13,jeddah,260,43,37,77,85,65,39,175,128,0,1,0,303
156,1437,9/2/2016,2016,9,2,13,jeddah,243,39,31,98,79,50,24,148,134,0,1,0,282
157,1437,10/14/2015,2015,10,14,14,taif,346,91,65,166,136,45,25,273,164,0,1,0,437
158,1437,11/13/2015,2015,11,13,14,taif,331,104,45,88,210,55,37,318,117,0,1,0,435
159,1437,12/12/2015,2015,12,12,14,taif,311,128,36,85,229,45,44,348,91,0,1,0,439
160,1437,1/11/2016,2016,1,11,14,taif,395,82,60,123,153,109,32,331,146,0,1,0,477
161,1437,2/10/2016,2016,2,10,14,taif,421,95,85,92,163,112,64,352,164,0,1,0,516
162,1437,3/10/2016,2016,3,10,14,taif,450,83,116,125,160,112,20,386,147,0,1,0,533
163,1437,4/8/2016,2016,4,8,14,taif,489,86,69,136,175,134,61,422,153,0,1,0,575
164,1437,5/8/2016,2016,5,8,14,taif,344,46,66,123,94,71,36,249,141,0,1,0,390
165,1437,6/6/2016,2016,6,6,14,taif,493,123,75,148,177,151,65,278,338,0,1,0,616
166,1437,7/6/2016,2016,7,6,14,taif,310,61,35,99,185,40,12,258,113,0,1,0,371
167,1437,8/4/2016,2016,8,4,14,taif,327,67,36,91,122,84,61,258,136,0,1,0,394
168,1437,9/2/2016,2016,9,2,14,taif,290,81,31,121,142,47,30,262,109,0,1,0,371
169,1437,10/14/2015,2015,10,14,15,capital,213,24,29,55,89,42,22,152,85,0,1,0,237
170,1437,11/13/2015,2015,11,13,15,capital,237,58,35,100,83,49,28,200,95,0,1,0,295
171,1437,12/12/2015,2015,12,12,15,capital,212,44,33,57,90,52,24,167,89,0,1,0,256
172,1437,1/11/2016,2016,1,11,15,capital,256,58,41,102,98,48,25,203,111,0,1,0,314
173,1437,2/10/2016,2016,2,10,15,capital,172,19,24,51,56,38,22,107,84,0,1,0,191
174,1437,3/10/2016,2016,3,10,15,capital,169,74,27,51,47,44,74,143,100,0,1,0,243
175,1437,4/8/2016,2016,4,8,15,capital,183,55,21,62,78,41,36,147,91,0,1,0,238
176,1437,5/8/2016,2016,5,8,15,capital,207,35,30,70,67,49,26,151,91,0,1,0,242
177,1437,6/6/2016,2016,6,6,15,capital,284,67,41,64,83,69,94,217,134,0,1,0,351
178,1437,7/6/2016,2016,7,6,15,capital,228,63,43,106,80,48,14,171,120,0,1,0,291
179,1437,8/4/2016,2016,8,4,15,capital,171,23,29,62,45,38,20,105,89,0,1,0,194
180,1437,9/2/2016,2016,9,2,15,capital,219,43,27,59,80,64,32,132,130,0,1,0,262
181,1437,10/14/2015,2015,10,14,16,alqurayyat,28,1,6,13,6,2,2,22,7,0,1,0,29
182,1437,11/13/2015,2015,11,13,16,alqurayyat,39,15,13,17,11,6,7,39,15,0,1,0,54
183,1437,12/12/2015,2015,12,12,16,alqurayyat,22,3,2,15,6,2,0,19,6,0,1,0,25
184,1437,1/11/2016,2016,1,11,16,alqurayyat,15,1,3,8,3,1,1,14,2,0,1,0,16
185,1437,2/10/2016,2016,2,10,16,alqurayyat,18,3,3,10,6,1,1,14,7,0,1,0,21
186,1437,3/10/2016,2016,3,10,16,alqurayyat,20,0,2,10,2,6,0,14,6,0,1,0,20
187,1437,4/8/2016,2016,4,8,16,alqurayyat,38,5,9,15,13,2,4,32,11,0,1,0,43
188,1437,5/8/2016,2016,5,8,16,alqurayyat,28,12,15,14,7,3,1,26,14,0,1,0,40
189,1437,6/6/2016,2016,6,6,16,alqurayyat,30,3,5,13,7,6,2,15,18,0,1,0,33
190,1437,7/6/2016,2016,7,6,16,alqurayyat,19,2,4,8,5,3,1,14,7,0,1,0,21
191,1437,8/4/2016,2016,8,4,16,alqurayyat,13,0,2,8,1,2,0,10,3,0,1,0,13
192,1437,9/2/2016,2016,9,2,16,alqurayyat,30,1,9,16,4,2,0,28,3,0,1,0,31
193,1438,10/2/2016,2016,10,2,1,riyadh,329,34,60,129,102,45,27,193,170,0,1,0,363
194,1438,11/1/2016,2016,11,1,1,riyadh,370,34,36,159,118,55,36,231,173,0,1,0,404
195,1438,11/30/2016,2016,11,30,1,riyadh,381,47,64,142,117,76,29,259,169,0,1,0,428
196,1438,12/30/2016,2016,12,30,1,riyadh,396,30,85,113,136,52,40,248,178,0,1,0,426
197,1438,1/29/2017,2017,1,29,1,riyadh,346,40,39,124,144,65,14,238,148,0,1,0,386
198,1438,2/28/2017,2017,2,28,1,riyadh,297,20,32,112,82,81,10,185,132,0,1,0,317
199,1438,3/29/2017,2017,3,29,1,riyadh,343,57,35,86,167,68,44,217,183,0,1,0,400
200,1438,4/27/2017,2017,4,27,1,riyadh,338,30,69,122,93,47,37,194,174,0,1,0,368
201,1438,5/27/2017,2017,5,27,1,riyadh,355,49,86,111,159,32,16,183,221,0,1,0,404
202,1438,6/25/2017,2017,6,25,1,riyadh,312,60,83,108,54,77,50,183,189,0,1,0,372
203,1438,7/24/2017,2017,7,24,1,riyadh,279,32,48,58,94,64,47,152,159,0,1,0,311
204,1438,8/23/2017,2017,8,23,1,riyadh,323,38,102,124,57,37,41,197,164,0,1,0,361
205,1438,10/2/2016,2016,10,2,2,madinah,239,34,44,53,56,60,60,164,109,0,1,0,273
206,1438,11/1/2016,2016,11,1,2,madinah,252,40,44,53,75,60,60,161,131,0,1,0,292
207,1438,11/30/2016,2016,11,30,2,madinah,202,37,20,98,36,35,50,131,108,0,1,0,239
208,1438,12/30/2016,2016,12,30,2,madinah,203,56,37,52,60,71,39,115,144,0,1,0,259
209,1438,1/29/2017,2017,1,29,2,madinah,203,42,31,52,63,59,40,141,104,0,1,0,245
210,1438,2/28/2017,2017,2,28,2,madinah,190,26,28,44,57,49,38,119,97,0,1,0,216
211,1438,3/29/2017,2017,3,29,2,madinah,153,54,40,65,69,20,13,104,103,0,1,0,207
212,1438,4/27/2017,2017,4,27,2,madinah,226,38,41,49,63,58,53,132,132,0,1,0,264
213,1438,5/27/2017,2017,5,27,2,madinah,223,59,23,65,73,60,61,112,170,0,1,0,282
214,1438,6/25/2017,2017,6,25,2,madinah,189,29,32,43,55,49,39,99,119,0,1,0,218
215,1438,7/24/2017,2017,7,24,2,madinah,141,20,24,33,39,44,21,83,78,0,1,0,161
216,1438,8/23/2017,2017,8,23,2,madinah,206,55,33,54,67,56,51,132,129,0,1,0,261
217,1438,10/2/2016,2016,10,2,3,easternprovince,228,108,39,85,97,75,40,211,125,0,1,0,336
218,1438,11/1/2016,2016,11,1,3,easternprovince,337,63,55,133,117,41,54,282,118,0,1,0,400
219,1438,11/30/2016,2016,11,30,3,easternprovince,287,86,35,125,119,49,45,249,124,0,1,0,373
220,1438,12/30/2016,2016,12,30,3,easternprovince,332,33,46,134,98,52,35,263,102,0,1,0,365
221,1438,1/29/2017,2017,1,29,3,easternprovince,331,42,53,142,109,51,18,223,150,0,1,0,373
222,1438,2/28/2017,2017,2,28,3,easternprovince,265,94,36,114,104,76,29,215,144,0,1,0,359
223,1438,3/29/2017,2017,3,29,3,easternprovince,256,118,34,107,98,87,48,225,149,0,1,0,374
224,1438,4/27/2017,2017,4,27,3,easternprovince,241,107,25,97,89,85,52,228,120,0,1,0,348
225,1438,5/27/2017,2017,5,27,3,easternprovince,262,40,30,82,90,65,35,201,101,0,1,0,302
226,1438,6/25/2017,2017,6,25,3,easternprovince,196,91,37,76,69,74,31,130,157,0,1,0,287
227,1438,7/24/2017,2017,7,24,3,easternprovince,184,81,23,85,71,54,32,124,141,0,1,0,265
228,1438,8/23/2017,2017,8,23,3,easternprovince,202,89,31,97,83,62,18,148,143,0,1,0,291
229,1438,10/2/2016,2016,10,2,4,northernborders,37,3,5,18,13,1,3,30,10,0,1,0,40
230,1438,11/1/2016,2016,11,1,4,northernborders,31,3,4,14,11,1,4,20,14,0,1,0,34
231,1438,11/30/2016,2016,11,30,4,northernborders,21,0,2,6,11,2,0,10,11,0,1,0,21
232,1438,12/30/2016,2016,12,30,4,northernborders,33,6,12,8,15,2,2,27,12,0,1,0,39
233,1438,1/29/2017,2017,1,29,4,northernborders,31,4,2,14,16,2,1,26,9,0,1,0,35
234,1438,2/28/2017,2017,2,28,4,northernborders,28,4,5,11,10,4,2,17,15,0,1,0,32
235,1438,3/29/2017,2017,3,29,4,northernborders,28,4,0,14,14,3,1,18,14,0,1,0,32
236,1438,4/27/2017,2017,4,27,4,northernborders,27,4,7,10,5,3,6,21,10,0,1,0,31
237,1438,5/27/2017,2017,5,27,4,northernborders,30,3,7,10,7,3,6,13,20,0,1,0,33
238,1438,6/25/2017,2017,6,25,4,northernborders,12,2,3,2,4,0,5,8,6,0,1,0,14
239,1438,7/24/2017,2017,7,24,4,northernborders,12,2,2,9,2,1,0,10,4,0,1,0,14
240,1438,8/23/2017,2017,8,23,4,northernborders,45,4,9,24,12,4,0,41,8,0,1,0,49
241,1438,10/2/2016,2016,10,2,5,tabuk,99,9,21,32,28,18,9,89,19,0,1,0,108
242,1438,11/1/2016,2016,11,1,5,tabuk,111,17,10,38,51,23,6,110,18,0,1,0,128
243,1438,11/30/2016,2016,11,30,5,tabuk,63,6,13,32,14,4,6,59,10,0,1,0,69
244,1438,12/30/2016,2016,12,30,5,tabuk,80,7,18,46,13,5,5,62,25,0,1,0,87
245,1438,1/29/2017,2017,1,29,5,tabuk,101,11,17,59,15,12,9,90,22,0,1,0,112
246,1438,2/28/2017,2017,2,28,5,tabuk,130,36,21,28,79,19,19,95,71,0,1,0,166
247,1438,3/29/2017,2017,3,29,5,tabuk,78,18,28,41,19,4,4,76,20,0,1,0,96
248,1438,4/27/2017,2017,4,27,5,tabuk,74,18,33,30,18,7,4,68,24,0,1,0,92
249,1438,5/27/2017,2017,5,27,5,tabuk,92,15,22,45,27,7,6,73,34,0,1,0,107
250,1438,6/25/2017,2017,6,25,5,tabuk,75,18,35,24,22,5,7,54,39,0,1,0,93
251,1438,7/24/2017,2017,7,24,5,tabuk,70,17,16,23,20,19,9,66,21,0,1,0,87
252,1438,8/23/2017,2017,8,23,5,tabuk,19,79,20,36,25,9,8,74,24,0,1,0,98
253,1438,10/2/2016,2016,10,2,6,aljouf,44,7,11,12,13,12,3,36,15,0,1,0,51
254,1438,11/1/2016,2016,11,1,6,aljouf,68,6,18,26,19,6,5,66,8,0,1,0,74
255,1438,11/30/2016,2016,11,30,6,aljouf,39,8,6,21,13,7,0,29,18,0,1,0,47
256,1438,12/30/2016,2016,12,30,6,aljouf,33,12,9,13,13,7,3,33,12,0,1,0,45
257,1438,1/29/2017,2017,1,29,6,aljouf,41,8,9,19,11,9,1,34,15,0,1,0,49
258,1438,2/28/2017,2017,2,28,6,aljouf,36,5,7,18,12,3,1,28,13,0,1,0,41
259,1438,3/29/2017,2017,3,29,6,aljouf,38,3,3,11,19,7,1,28,13,0,1,0,41
260,1438,4/27/2017,2017,4,27,6,aljouf,36,10,2,24,10,6,4,37,9,0,1,0,46
261,1438,5/27/2017,2017,5,27,6,aljouf,23,8,4,8,12,7,0,20,11,0,1,0,31
262,1438,6/25/2017,2017,6,25,6,aljouf,15,2,1,7,5,4,0,13,4,0,1,0,17
263,1438,7/24/2017,2017,7,24,6,aljouf,15,2,0,7,7,3,0,12,5,0,1,0,17
264,1438,8/23/2017,2017,8,23,6,aljouf,18,3,2,10,6,2,1,18,3,0,1,0,21
265,1438,10/2/2016,2016,10,2,7,hail,44,4,1,18,13,11,5,43,5,0,1,0,48
266,1438,11/1/2016,2016,11,1,7,hail,55,5,2,23,20,10,5,54,6,0,1,0,60
267,1438,11/30/2016,2016,11,30,7,hail,63,8,5,25,21,12,8,62,9,0,1,0,71
268,1438,12/30/2016,2016,12,30,7,hail,65,6,3,25,20,18,5,59,12,0,1,0,71
269,1438,1/29/2017,2017,1,29,7,hail,76,6,36,12,11,14,9,76,6,0,1,0,82
270,1438,2/28/2017,2017,2,28,7,hail,89,4,9,24,38,14,8,87,6,0,1,0,93
271,1438,3/29/2017,2017,3,29,7,hail,67,5,9,17,37,7,2,65,7,0,1,0,72
272,1438,4/27/2017,2017,4,27,7,hail,89,4,14,35,21,16,7,84,9,0,1,0,93
273,1438,5/27/2017,2017,5,27,7,hail,47,5,8,15,11,14,4,42,10,0,1,0,52
274,1438,6/25/2017,2017,6,25,7,hail,48,3,9,12,19,9,2,46,5,0,1,0,51
275,1438,7/24/2017,2017,7,24,7,hail,33,4,8,9,5,11,4,21,16,0,1,0,37
276,1438,8/23/2017,2017,8,23,7,hail,39,4,16,9,11,5,2,28,15,0,1,0,43
277,1438,10/2/2016,2016,10,2,8,najran,67,3,7,27,21,11,4,39,31,0,1,0,70
278,1438,11/1/2016,2016,11,1,8,najran,71,1,8,28,20,10,6,42,30,0,1,0,72
279,1438,11/30/2016,2016,11,30,8,najran,72,6,9,27,26,9,7,43,35,0,1,0,78
280,1438,12/30/2016,2016,12,30,8,najran,83,8,11,31,28,12,9,46,45,0,1,0,91
281,1438,1/29/2017,2017,1,29,8,najran,76,6,6,21,27,19,9,42,40,0,1,0,82
282,1438,2/28/2017,2017,2,28,8,najran,55,8,4,16,24,16,3,39,24,0,1,0,63
283,1438,3/29/2017,2017,3,29,8,najran,49,6,3,16,21,14,1,36,19,0,1,0,55
284,1438,4/27/2017,2017,4,27,8,najran,59,5,4,21,22,15,2,41,23,0,1,0,64
285,1438,5/27/2017,2017,5,27,8,najran,61,9,6,21,28,12,3,46,24,0,1,0,70
286,1438,6/25/2017,2017,6,25,8,najran,24,7,4,7,11,6,3,19,12,0,1,0,31
287,1438,7/24/2017,2017,7,24,8,najran,39,3,8,13,11,7,3,28,14,0,1,0,42
288,1438,8/23/2017,2017,8,23,8,najran,36,12,9,13,12,8,6,29,19,0,1,0,48
289,1438,10/2/2016,2016,10,2,9,qassim,99,8,25,39,32,7,4,37,70,0,1,0,107
290,1438,11/1/2016,2016,11,1,9,qassim,142,7,24,63,52,7,3,59,90,0,1,0,149
291,1438,11/30/2016,2016,11,30,9,qassim,117,12,29,28,62,7,3,71,58,0,1,0,129
292,1438,12/30/2016,2016,12,30,9,qassim,106,12,34,18,22,31,13,88,30,0,1,0,118
293,1438,1/29/2017,2017,1,29,9,qassim,84,6,19,26,34,7,4,29,61,0,1,0,90
294,1438,2/28/2017,2017,2,28,9,qassim,98,7,14,39,41,9,2,55,50,0,1,0,105
295,1438,3/29/2017,2017,3,29,9,qassim,95,9,14,19,57,9,5,22,82,0,1,0,104
296,1438,4/27/2017,2017,4,27,9,qassim,147,33,29,80,32,23,16,100,80,0,1,0,180
297,1438,5/27/2017,2017,5,27,9,qassim,129,8,25,64,32,12,4,45,92,0,1,0,137
298,1438,6/25/2017,2017,6,25,9,qassim,149,6,24,33,39,36,23,96,59,0,1,0,155
299,1438,7/24/2017,2017,7,24,9,qassim,58,7,8,18,17,15,7,49,16,0,1,0,65
300,1438,8/23/2017,2017,8,23,9,qassim,98,9,8,29,35,22,13,58,49,0,1,0,107
301,1438,10/2/2016,2016,10,2,10,albaha,62,17,21,33,16,4,5,69,10,0,1,0,79
302,1438,11/1/2016,2016,11,1,10,albaha,95,5,16,52,20,6,6,80,20,0,1,0,100
303,1438,11/30/2016,2016,11,30,10,albaha,98,10,10,46,34,9,9,83,25,0,1,0,108
304,1438,12/30/2016,2016,12,30,10,albaha,74,3,19,33,12,6,7,55,22,0,1,0,77
305,1438,1/29/2017,2017,1,29,10,albaha,79,23,25,44,19,9,5,84,18,0,1,0,102
306,1438,2/28/2017,2017,2,28,10,albaha,64,25,13,27,30,10,9,62,27,0,1,0,89
307,1438,3/29/2017,2017,3,29,10,albaha,49,5,6,27,13,6,2,46,8,0,1,0,54
308,1438,4/27/2017,2017,4,27,10,albaha,84,9,10,43,26,8,6,77,16,0,1,0,93
309,1438,5/27/2017,2017,5,27,10,albaha,59,12,5,29,21,13,3,57,14,0,1,0,71
310,1438,6/25/2017,2017,6,25,10,albaha,69,5,15,32,19,4,4,57,17,0,1,0,74
311,1438,7/24/2017,2017,7,24,10,albaha,63,4,9,36,12,4,6,56,11,0,1,0,67
312,1438,8/23/2017,2017,8,23,10,albaha,81,12,7,57,17,5,7,73,20,0,1,0,93
313,1438,10/2/2016,2016,10,2,11,asir,150,21,47,80,28,8,8,143,28,0,1,0,171
314,1438,11/1/2016,2016,11,1,11,asir,136,44,43,75,32,17,13,126,54,0,1,0,180
315,1438,11/30/2016,2016,11,30,11,asir,153,24,23,81,34,21,18,133,44,0,1,0,177
316,1438,12/30/2016,2016,12,30,11,asir,154,30,36,78,37,16,17,143,41,0,1,0,184
317,1438,1/29/2017,2017,1,29,11,asir,158,28,30,78,41,27,10,136,50,0,1,0,186
318,1438,2/28/2017,2017,2,28,11,asir,178,24,38,96,39,15,14,158,44,0,1,0,202
319,1438,3/29/2017,2017,3,29,11,asir,186,38,53,92,37,20,22,184,40,0,1,0,224
320,1438,4/27/2017,2017,4,27,11,asir,181,33,42,80,46,22,24,166,48,0,1,0,214
321,1438,5/27/2017,2017,5,27,11,asir,193,52,59,66,68,32,20,202,43,0,1,0,245
322,1438,6/25/2017,2017,6,25,11,asir,188,30,44,90,45,24,15,179,39,0,1,0,218
323,1438,7/24/2017,2017,7,24,11,asir,148,20,32,77,25,15,19,134,34,0,1,0,168
324,1438,8/23/2017,2017,8,23,11,asir,169,30,41,89,39,20,10,140,59,0,1,0,199
325,1438,10/2/2016,2016,10,2,12,jazan,138,23,19,41,58,28,15,103,58,0,1,0,161
326,1438,11/1/2016,2016,11,1,12,jazan,181,29,33,72,48,36,21,146,64,0,1,0,210
327,1438,11/30/2016,2016,11,30,12,jazan,183,32,21,51,69,42,32,166,49,0,1,0,215
328,1438,12/30/2016,2016,12,30,12,jazan,179,41,22,61,86,41,10,166,54,0,1,0,220
329,1438,1/29/2017,2017,1,29,12,jazan,166,56,22,61,86,41,12,164,58,0,1,0,222
330,1438,2/28/2017,2017,2,28,12,jazan,145,27,17,59,60,28,8,117,55,0,1,0,172
331,1438,3/29/2017,2017,3,29,12,jazan,89,13,9,46,22,18,7,78,24,0,1,0,102
332,1438,4/27/2017,2017,4,27,12,jazan,112,23,14,35,23,51,12,112,23,0,1,0,135
333,1438,5/27/2017,2017,5,27,12,jazan,191,24,39,61,33,51,31,184,31,0,1,0,215
334,1438,6/25/2017,2017,6,25,12,jazan,156,22,36,69,28,21,24,157,21,0,1,0,178
335,1438,7/24/2017,2017,7,24,12,jazan,167,20,27,64,47,31,18,129,58,0,1,0,187
336,1438,8/23/2017,2017,8,23,12,jazan,167,23,21,85,46,21,17,154,36,0,1,0,190
337,1438,10/2/2016,2016,10,2,13,jeddah,225,23,21,94,63,41,29,152,96,0,1,0,248
338,1438,11/1/2016,2016,11,1,13,jeddah,221,31,18,62,71,58,43,131,121,0,1,0,252
339,1438,11/30/2016,2016,11,30,13,jeddah,237,29,21,77,69,61,38,137,129,0,1,0,266
340,1438,12/30/2016,2016,12,30,13,jeddah,284,28,19,96,77,66,54,154,158,0,1,0,312
341,1438,1/29/2017,2017,1,29,13,jeddah,284,29,19,97,77,66,54,167,146,0,1,0,313
342,1438,2/28/2017,2017,2,28,13,jeddah,226,22,21,78,64,41,44,137,111,0,1,0,248
343,1438,3/29/2017,2017,3,29,13,jeddah,281,25,29,82,75,59,61,159,147,0,1,0,306
344,1438,4/27/2017,2017,4,27,13,jeddah,237,17,23,71,63,45,52,128,126,0,1,0,254
345,1438,5/27/2017,2017,5,27,13,jeddah,208,16,27,59,58,41,39,114,110,0,1,0,224
346,1438,6/25/2017,2017,6,25,13,jeddah,188,16,22,50,52,41,39,94,110,0,1,0,204
347,1438,7/24/2017,2017,7,24,13,jeddah,164,19,12,51,54,37,29,95,88,0,1,0,183
348,1438,8/23/2017,2017,8,23,13,jeddah,162,14,12,50,57,31,26,99,77,0,1,0,176
349,1438,10/2/2016,2016,10,2,14,taif,223,103,25,104,121,49,27,268,58,0,1,0,326
350,1438,11/1/2016,2016,11,1,14,taif,199,73,11,65,33,119,44,236,36,0,1,0,272
351,1438,11/30/2016,2016,11,30,14,taif,209,253,65,81,133,121,62,299,163,0,1,0,462
352,1438,12/30/2016,2016,12,30,14,taif,334,86,53,141,114,65,47,250,170,0,1,0,420
353,1438,1/29/2017,2017,1,29,14,taif,274,141,36,118,151,67,43,249,166,0,1,0,415
354,1438,2/28/2017,2017,2,28,14,taif,333,53,66,141,94,63,22,264,122,0,1,0,386
355,1438,3/29/2017,2017,3,29,14,taif,316,108,33,184,151,43,13,375,49,0,1,0,424
356,1438,4/27/2017,2017,4,27,14,taif,289,62,65,134,87,46,19,250,101,0,1,0,351
357,1438,5/27/2017,2017,5,27,14,taif,299,34,41,103,88,65,36,238,95,0,1,0,333
358,1438,6/25/2017,2017,6,25,14,taif,253,80,59,110,102,56,6,236,97,0,1,0,333
359,1438,7/24/2017,2017,7,24,14,taif,235,29,26,43,86,88,21,196,68,0,1,0,264
360,1438,8/23/2017,2017,8,23,14,taif,337,56,32,105,136,76,44,296,97,0,1,0,393
361,1438,10/2/2016,2016,10,2,15,capital,173,18,24,46,53,36,32,133,58,0,1,0,191
362,1438,11/1/2016,2016,11,1,15,capital,213,11,40,72,56,29,27,152,72,0,1,0,224
363,1438,11/30/2016,2016,11,30,15,capital,265,62,34,94,81,69,49,162,165,0,1,0,327
364,1438,12/30/2016,2016,12,30,15,capital,181,54,27,57,77,48,26,134,101,0,1,0,235
365,1438,1/29/2017,2017,1,29,15,capital,215,80,51,91,67,53,33,209,86,0,1,0,295
366,1438,2/28/2017,2017,2,28,15,capital,328,38,54,106,86,78,42,203,163,0,1,0,366
367,1438,3/29/2017,2017,3,29,15,capital,193,29,21,73,59,34,35,120,102,0,1,0,222
368,1438,4/27/2017,2017,4,27,15,capital,210,31,30,51,72,51,37,136,105,0,1,0,241
369,1438,5/27/2017,2017,5,27,15,capital,236,70,36,74,71,69,56,193,113,0,1,0,306
370,1438,6/25/2017,2017,6,25,15,capital,202,58,16,63,52,73,56,166,94,0,1,0,260
371,1438,7/24/2017,2017,7,24,15,capital,199,37,23,68,54,37,54,144,92,0,1,0,236
372,1438,8/23/2017,2017,8,23,15,capital,303,52,35,74,93,73,80,187,168,0,1,0,355
373,1438,10/2/2016,2016,10,2,16,alqurayyat,21,4,9,7,5,4,0,19,6,0,1,0,25
374,1438,11/1/2016,2016,11,1,16,alqurayyat,12,8,11,4,3,1,1,18,2,0,1,0,20
375,1438,11/30/2016,2016,11,30,16,alqurayyat,36,6,12,18,7,3,2,40,2,0,1,0,42
376,1438,12/30/2016,2016,12,30,16,alqurayyat,24,7,7,14,6,3,1,26,5,0,1,0,31
377,1438,1/29/2017,2017,1,29,16,alqurayyat,28,1,6,17,4,0,2,22,7,0,1,0,29
378,1438,2/28/2017,2017,2,28,16,alqurayyat,27,12,15,14,5,4,1,39,0,0,1,0,39
379,1438,3/29/2017,2017,3,29,16,alqurayyat,21,1,5,7,5,4,1,17,5,0,1,0,22
380,1438,4/27/2017,2017,4,27,16,alqurayyat,23,1,9,12,2,1,0,20,4,0,1,0,24
381,1438,5/27/2017,2017,5,27,16,alqurayyat,25,7,6,12,10,2,2,24,8,0,1,0,32
382,1438,6/25/2017,2017,6,25,16,alqurayyat,36,7,9,17,7,5,5,27,16,0,1,0,43
383,1438,7/24/2017,2017,7,24,16,alqurayyat,27,8,11,11,6,5,2,24,11,0,1,0,35
384,1438,8/23/2017,2017,8,23,16,alqurayyat,34,6,6,25,5,3,1,34,6,0,1,0,40
385,1439,9/21/2017,2017,9,21,1,riyadh,364,29,66,97,126,73,31,213,180,0,1,0,393
386,1439,10/21/2017,2017,10,21,1,riyadh,387,46,44,117,145,79,48,271,162,0,1,0,433
387,1439,11/19/2017,2017,11,19,1,riyadh,361,94,115,124,108,89,19,278,177,0,1,0,455
388,1439,12/19/2017,2017,12,19,1,riyadh,378,49,132,119,103,51,22,238,189,0,1,0,427
389,1439,1/18/2018,2018,1,18,1,riyadh,311,47,61,111,89,52,45,207,151,0,1,0,358
390,1439,2/17/2018,2018,2,17,1,riyadh,321,58,105,102,66,80,26,238,141,0,1,0,379
391,1439,3/18/2018,2018,3,18,1,riyadh,345,38,104,94,102,59,24,231,152,0,1,0,383
392,1439,4/17/2018,2018,4,17,1,riyadh,350,43,58,98,122,84,31,236,157,0,1,0,393
393,1439,5/16/2018,2018,5,16,1,riyadh,306,29,50,121,89,45,30,164,171,0,1,0,335
394,1439,6/15/2018,2018,6,15,1,riyadh,330,54,79,149,100,30,26,256,128,0,1,0,384
395,1439,7/14/2018,2018,7,14,1,riyadh,263,50,69,60,79,62,43,161,152,0,1,0,313
396,1439,8/12/2018,2018,8,12,1,riyadh,263,38,48,72,63,84,34,163,138,0,1,0,301
397,1439,9/21/2017,2017,9,21,2,madinah,155,21,15,36,47,41,37,96,80,0,1,0,176
398,1439,10/21/2017,2017,10,21,2,madinah,165,22,22,40,42,47,36,88,99,0,1,0,187
399,1439,11/19/2017,2017,11,19,2,madinah,201,26,41,47,46,52,41,111,116,0,1,0,227
400,1439,12/19/2017,2017,12,19,2,madinah,151,41,25,38,50,42,37,105,87,0,1,0,192
401,1439,1/18/2018,2018,1,18,2,madinah,179,29,35,39,55,41,38,97,111,0,1,0,208
402,1439,2/17/2018,2018,2,17,2,madinah,218,41,50,69,52,49,39,135,124,0,1,0,259
403,1439,3/18/2018,2018,3,18,2,madinah,215,37,31,57,63,59,42,140,112,0,1,0,252
404,1439,4/17/2018,2018,4,17,2,madinah,157,33,29,61,39,42,19,107,83,0,1,0,190
405,1439,5/16/2018,2018,5,16,2,madinah,236,79,62,68,74,50,61,119,196,0,1,0,315
406,1439,6/15/2018,2018,6,15,2,madinah,180,53,44,56,63,39,31,86,147,0,1,0,233
407,1439,7/14/2018,2018,7,14,2,madinah,156,42,39,63,49,32,15,83,115,0,1,0,198
408,1439,8/12/2018,2018,8,12,2,madinah,191,38,41,68,56,37,27,111,118,0,1,0,229
409,1439,9/21/2017,2017,9,21,3,easternprovince,134,84,26,58,65,43,26,120,98,0,1,0,218
410,1439,10/21/2017,2017,10,21,3,easternprovince,195,79,31,83,69,53,38,129,145,0,1,0,274
411,1439,11/19/2017,2017,11,19,3,easternprovince,179,92,29,87,76,48,31,155,116,0,1,0,271
412,1439,12/19/2017,2017,12,19,3,easternprovince,205,89,37,98,75,46,38,176,118,0,1,0,294
413,1439,1/18/2018,2018,1,18,3,easternprovince,182,56,29,71,65,38,35,153,85,0,1,0,238
414,1439,2/17/2018,2018,2,17,3,easternprovince,181,48,28,68,61,42,30,161,68,0,1,0,229
415,1439,3/18/2018,2018,3,18,3,easternprovince,215,52,31,79,68,49,40,188,79,0,1,0,267
416,1439,4/17/2018,2018,4,17,3,easternprovince,223,53,26,74,86,62,28,185,91,0,1,0,276
417,1439,5/16/2018,2018,5,16,3,easternprovince,176,42,21,68,57,48,24,132,86,0,1,0,218
418,1439,6/15/2018,2018,6,15,3,easternprovince,172,52,11,68,55,59,31,138,86,0,1,0,224
419,1439,7/14/2018,2018,7,14,3,easternprovince,168,44,19,65,53,51,24,127,85,0,1,0,212
420,1439,8/12/2018,2018,8,12,3,easternprovince,179,69,31,79,57,52,29,143,105,0,1,0,248
421,1439,9/21/2017,2017,9,21,4,northernborders,26,2,4,10,9,5,0,18,10,0,1,0,28
422,1439,10/21/2017,2017,10,21,4,northernborders,33,9,4,27,7,2,2,36,6,0,1,0,42
423,1439,11/19/2017,2017,11,19,4,northernborders,24,4,3,14,10,1,0,20,8,0,1,0,28
424,1439,12/19/2017,2017,12,19,4,northernborders,35,7,11,16,10,3,2,32,10,0,1,0,42
425,1439,1/18/2018,2018,1,18,4,northernborders,26,0,10,9,3,4,0,19,7,0,1,0,26
426,1439,2/17/2018,2018,2,17,4,northernborders,30,2,7,11,10,3,1,23,9,0,1,0,32
427,1439,3/18/2018,2018,3,18,4,northernborders,41,2,5,18,11,7,2,31,12,0,1,0,43
428,1439,4/17/2018,2018,4,17,4,northernborders,29,1,6,9,11,2,2,24,6,0,1,0,30
429,1439,5/16/2018,2018,5,16,4,northernborders,38,7,11,19,13,1,1,32,13,0,1,0,45
430,1439,6/15/2018,2018,6,15,4,northernborders,40,7,10,13,15,5,4,37,10,0,1,0,47
431,1439,7/14/2018,2018,7,14,4,northernborders,22,1,4,6,8,5,0,13,10,0,1,0,23
432,1439,8/12/2018,2018,8,12,4,northernborders,32,10,14,11,9,8,0,19,23,0,1,0,42
433,1439,9/21/2017,2017,9,21,5,tabuk,85,6,7,51,28,4,1,66,25,0,1,0,91
434,1439,10/21/2017,2017,10,21,5,tabuk,73,3,4,34,22,9,7,57,19,0,1,0,76
435,1439,11/19/2017,2017,11,19,5,tabuk,115,14,22,54,31,12,10,107,22,0,1,0,129
436,1439,12/19/2017,2017,12,19,5,tabuk,63,4,7,27,18,7,8,52,15,0,1,0,67
437,1439,1/18/2018,2018,1,18,5,tabuk,77,15,12,24,36,9,11,68,24,0,1,0,92
438,1439,2/17/2018,2018,2,17,5,tabuk,76,8,11,31,29,8,5,56,28,0,1,0,84
439,1439,3/18/2018,2018,3,18,5,tabuk,52,5,10,29,11,4,3,45,12,0,1,0,57
440,1439,4/17/2018,2018,4,17,5,tabuk,73,4,9,35,15,8,10,64,13,0,1,0,77
441,1439,5/16/2018,2018,5,16,5,tabuk,67,15,16,29,17,9,11,56,26,0,1,0,82
442,1439,6/15/2018,2018,6,15,5,tabuk,62,11,6,14,30,13,10,58,15,0,1,0,73
443,1439,7/14/2018,2018,7,14,5,tabuk,49,13,7,13,16,12,14,41,21,0,1,0,62
444,1439,8/12/2018,2018,8,12,5,tabuk,79,8,8,19,23,21,16,62,25,0,1,0,87
445,1439,9/21/2017,2017,9,21,6,aljouf,30,4,7,11,11,4,1,24,10,0,1,0,34
446,1439,10/21/2017,2017,10,21,6,aljouf,30,6,9,11,12,4,0,32,4,0,1,0,36
447,1439,11/19/2017,2017,11,19,6,aljouf,20,5,7,8,9,0,1,15,10,0,1,0,25
448,1439,12/19/2017,2017,12,19,6,aljouf,18,2,6,8,4,2,0,18,2,0,1,0,20
449,1439,1/18/2018,2018,1,18,6,aljouf,18,2,0,10,6,4,0,14,6,0,1,0,20
450,1439,2/17/2018,2018,2,17,6,aljouf,20,3,4,7,9,3,0,19,4,0,1,0,23
451,1439,3/18/2018,2018,3,18,6,aljouf,17,4,2,4,8,7,0,12,9,0,1,0,21
452,1439,4/17/2018,2018,4,17,6,aljouf,25,2,7,9,5,6,0,17,10,0,1,0,27
453,1439,5/16/2018,2018,5,16,6,aljouf,25,1,3,10,13,0,0,16,10,0,1,0,26
454,1439,6/15/2018,2018,6,15,6,aljouf,21,5,6,9,5,5,1,20,6,0,1,0,26
455,1439,7/14/2018,2018,7,14,6,aljouf,16,3,4,10,4,1,0,18,1,0,1,0,19
456,1439,8/12/2018,2018,8,12,6,aljouf,26,11,4,10,10,11,2,25,12,0,1,0,37
457,1439,9/21/2017,2017,9,21,7,hail,22,25,16,8,7,10,6,28,19,0,1,0,47
458,1439,10/21/2017,2017,10,21,7,hail,49,7,8,14,13,17,4,49,7,0,1,0,56
459,1439,11/19/2017,2017,11,19,7,hail,54,6,13,26,8,9,4,54,6,0,1,0,60
460,1439,12/19/2017,2017,12,19,7,hail,76,3,18,29,11,18,3,72,7,0,1,0,79
461,1439,1/18/2018,2018,1,18,7,hail,11,42,2,9,19,21,2,46,7,0,1,0,53
462,1439,2/17/2018,2018,2,17,7,hail,60,3,2,21,25,10,5,55,8,0,1,0,63
463,1439,3/18/2018,2018,3,18,7,hail,74,9,2,35,34,9,3,71,12,0,1,0,83
464,1439,4/17/2018,2018,4,17,7,hail,112,14,7,59,31,19,10,115,11,0,1,0,126
465,1439,5/16/2018,2018,5,16,7,hail,90,8,3,38,28,18,11,92,6,0,1,0,98
466,1439,6/15/2018,2018,6,15,7,hail,115,8,21,75,12,9,6,102,21,0,1,0,123
467,1439,7/14/2018,2018,7,14,7,hail,58,4,2,26,21,9,4,55,7,0,1,0,62
468,1439,8/12/2018,2018,8,12,7,hail,51,11,7,18,15,13,9,53,9,0,1,0,62
469,1439,9/21/2017,2017,9,21,8,najran,61,14,19,15,21,13,7,31,44,0,1,0,75
470,1439,10/21/2017,2017,10,21,8,najran,49,6,13,11,15,12,4,33,22,0,1,0,55
471,1439,11/19/2017,2017,11,19,8,najran,38,4,12,8,11,9,2,29,13,0,1,0,42
472,1439,12/19/2017,2017,12,19,8,najran,66,2,13,21,24,9,1,41,27,0,1,0,68
473,1439,1/18/2018,2018,1,18,8,najran,41,5,8,11,14,7,6,37,9,0,1,0,46
474,1439,2/17/2018,2018,2,17,8,najran,62,7,17,13,19,11,9,26,43,0,1,0,69
475,1439,3/18/2018,2018,3,18,8,najran,67,12,19,16,21,12,11,34,45,0,1,0,79
476,1439,4/17/2018,2018,4,17,8,najran,43,5,14,9,13,10,2,29,19,0,1,0,48
477,1439,5/16/2018,2018,5,16,8,najran,38,6,13,8,11,9,3,27,17,0,1,0,44
478,1439,6/15/2018,2018,6,15,8,najran,34,3,11,9,6,8,3,25,12,0,1,0,37
479,1439,7/14/2018,2018,7,14,8,najran,38,4,3,18,11,8,2,29,13,0,1,0,42
480,1439,8/12/2018,2018,8,12,8,najran,41,8,3,21,8,10,7,31,18,0,1,0,49
481,1439,9/21/2017,2017,9,21,9,qassim,138,15,11,56,50,22,14,100,53,0,1,0,153
482,1439,10/21/2017,2017,10,21,9,qassim,76,13,14,26,32,10,7,50,39,0,1,0,89
483,1439,11/19/2017,2017,11,19,9,qassim,76,28,20,25,28,15,16,60,44,0,1,0,104
484,1439,12/19/2017,2017,12,19,9,qassim,92,13,5,25,36,29,10,60,45,0,1,0,105
485,1439,1/18/2018,2018,1,18,9,qassim,73,12,2,25,35,12,11,50,35,0,1,0,85
486,1439,2/17/2018,2018,2,17,9,qassim,73,12,4,25,35,11,10,50,35,0,1,0,85
487,1439,3/18/2018,2018,3,18,9,qassim,98,28,4,34,55,19,14,90,36,0,1,0,126
488,1439,4/17/2018,2018,4,17,9,qassim,94,14,21,33,39,7,8,65,43,0,1,0,108
489,1439,5/16/2018,2018,5,16,9,qassim,76,25,12,35,30,15,9,66,35,0,1,0,101
490,1439,6/15/2018,2018,6,15,9,qassim,91,30,18,11,35,38,19,50,71,0,1,0,121
491,1439,7/14/2018,2018,7,14,9,qassim,95,19,15,24,33,27,15,55,59,0,1,0,114
492,1439,8/12/2018,2018,8,12,9,qassim,69,9,15,20,25,10,8,55,23,0,1,0,78
493,1439,9/21/2017,2017,9,21,10,albaha,62,16,19,27,21,5,6,67,11,0,1,0,78
494,1439,10/21/2017,2017,10,21,10,albaha,64,3,25,21,15,3,3,53,14,0,1,0,67
495,1439,11/19/2017,2017,11,19,10,albaha,52,15,14,28,14,6,5,59,8,0,1,0,67
496,1439,12/19/2017,2017,12,19,10,albaha,64,3,8,37,16,2,4,57,10,0,1,0,67
497,1439,1/18/2018,2018,1,18,10,albaha,96,10,19,57,20,8,2,82,24,0,1,0,106
498,1439,2/17/2018,2018,2,17,10,albaha,64,3,14,27,17,5,4,56,11,0,1,0,67
499,1439,3/18/2018,2018,3,18,10,albaha,62,20,22,32,19,5,4,76,6,0,1,0,82
500,1439,4/17/2018,2018,4,17,10,albaha,69,4,10,30,28,4,1,49,24,0,1,0,73
501,1439,5/16/2018,2018,5,16,10,albaha,80,4,4,42,23,8,7,59,25,0,1,0,84
502,1439,6/15/2018,2018,6,15,10,albaha,80,9,19,43,16,5,6,75,14,0,1,0,89
503,1439,7/14/2018,2018,7,14,10,albaha,67,11,21,40,13,4,0,73,5,0,1,0,78
504,1439,8/12/2018,2018,8,12,10,albaha,56,21,17,33,17,7,3,62,15,0,1,0,77
505,1439,9/21/2017,2017,9,21,11,asir,186,41,54,103,37,15,18,186,41,0,1,0,227
506,1439,10/21/2017,2017,10,21,11,asir,203,37,81,81,46,12,20,192,48,0,1,0,240
507,1439,11/19/2017,2017,11,19,11,asir,147,16,25,84,23,17,14,120,43,0,1,0,163
508,1439,12/19/2017,2017,12,19,11,asir,134,17,36,53,39,11,12,124,27,0,1,0,151
509,1439,1/18/2018,2018,1,18,11,asir,166,43,62,75,32,19,21,172,37,0,1,0,209
510,1439,2/17/2018,2018,2,17,11,asir,128,34,33,56,36,14,23,125,37,0,1,0,162
511,1439,3/18/2018,2018,3,18,11,asir,178,15,47,82,35,15,14,167,26,0,1,0,193
512,1439,4/17/2018,2018,4,17,11,asir,132,17,38,55,34,8,14,131,18,0,1,0,149
513,1439,5/16/2018,2018,5,16,11,asir,128,15,33,57,31,11,11,111,32,0,1,0,143
514,1439,6/15/2018,2018,6,15,11,asir,187,29,45,85,63,12,11,146,70,0,1,0,216
515,1439,7/14/2018,2018,7,14,11,asir,130,26,38,70,27,14,7,133,23,0,1,0,156
516,1439,8/12/2018,2018,8,12,11,asir,139,44,49,74,33,18,9,140,43,0,1,0,183
517,1439,9/21/2017,2017,9,21,12,jazan,205,40,15,88,57,48,37,181,64,0,1,0,245
518,1439,10/21/2017,2017,10,21,12,jazan,174,36,16,81,46,29,38,42,168,0,1,0,210
519,1439,11/19/2017,2017,11,19,12,jazan,133,68,21,79,41,27,33,160,41,0,1,0,201
520,1439,12/19/2017,2017,12,19,12,jazan,126,54,12,80,48,21,19,146,34,0,1,0,180
521,1439,1/18/2018,2018,1,18,12,jazan,99,36,12,47,36,21,19,104,31,0,1,0,135
522,1439,2/17/2018,2018,2,17,12,jazan,118,19,14,45,31,27,20,106,31,0,1,0,137
523,1439,3/18/2018,2018,3,18,12,jazan,122,16,12,43,29,30,24,112,26,0,1,0,138
524,1439,4/17/2018,2018,4,17,12,jazan,149,24,14,34,52,42,31,128,45,0,1,0,173
525,1439,5/16/2018,2018,5,16,12,jazan,165,37,21,66,47,46,22,153,49,0,1,0,202
526,1439,6/15/2018,2018,6,15,12,jazan,137,26,14,42,37,51,19,123,40,0,1,0,163
527,1439,7/14/2018,2018,7,14,12,jazan,151,33,23,42,65,39,15,132,52,0,1,0,184
528,1439,8/12/2018,2018,8,12,12,jazan,125,19,20,40,46,26,12,93,51,0,1,0,144
529,1439,9/21/2017,2017,9,21,13,jeddah,194,17,14,59,62,49,27,117,94,0,1,0,211
530,1439,10/21/2017,2017,10,21,13,jeddah,191,15,11,61,54,39,41,114,92,0,1,0,206
531,1439,11/19/2017,2017,11,19,13,jeddah,254,19,21,92,71,41,48,129,144,0,1,0,273
532,1439,12/19/2017,2017,12,19,13,jeddah,207,21,16,79,61,36,36,116,112,0,1,0,228
533,1439,1/18/2018,2018,1,18,13,jeddah,185,14,12,74,61,29,23,107,92,0,1,0,199
534,1439,2/17/2018,2018,2,17,13,jeddah,219,22,18,86,75,33,29,129,112,0,1,0,241
535,1439,3/18/2018,2018,3,18,13,jeddah,181,38,15,76,61,29,38,112,107,0,1,0,219
536,1439,4/17/2018,2018,4,17,13,jeddah,257,41,22,89,88,55,44,138,160,0,1,0,298
537,1439,5/16/2018,2018,5,16,13,jeddah,285,52,25,103,92,62,55,196,141,0,1,0,337
538,1439,6/15/2018,2018,6,15,13,jeddah,211,49,15,89,74,48,34,132,128,0,1,0,260
539,1439,7/14/2018,2018,7,14,13,jeddah,200,39,17,74,55,54,39,138,101,0,1,0,239
540,1439,8/12/2018,2018,8,12,13,jeddah,220,34,15,96,61,44,38,156,98,0,1,0,254
541,1439,9/21/2017,2017,9,21,14,taif,198,72,10,86,56,85,33,218,52,0,1,0,270
542,1439,10/21/2017,2017,10,21,14,taif,254,36,16,61,71,112,30,210,80,0,1,0,290
543,1439,11/19/2017,2017,11,19,14,taif,304,61,51,114,96,74,30,302,63,0,1,0,365
544,1439,12/19/2017,2017,12,19,14,taif,254,32,22,64,86,91,23,220,66,0,1,0,286
545,1439,1/18/2018,2018,1,18,14,taif,201,46,35,80,68,45,19,142,105,0,1,0,247
546,1439,2/17/2018,2018,2,17,14,taif,230,41,33,74,94,45,25,184,87,0,1,0,271
547,1439,3/18/2018,2018,3,18,14,taif,254,25,36,85,98,29,31,187,92,0,1,0,279
548,1439,4/17/2018,2018,4,17,14,taif,269,31,31,73,111,54,31,206,94,0,1,0,300
549,1439,5/16/2018,2018,5,16,14,taif,305,78,29,112,136,56,50,284,99,0,1,0,383
550,1439,6/15/2018,2018,6,15,14,taif,268,41,33,95,110,56,15,266,43,0,1,0,309
551,1439,7/14/2018,2018,7,14,14,taif,244,45,35,55,94,64,41,255,34,0,1,0,289
552,1439,8/12/2018,2018,8,12,14,taif,226,51,14,75,98,75,15,247,30,0,1,0,277
553,1439,9/21/2017,2017,9,21,15,capital,189,46,31,81,68,33,22,164,71,0,1,0,235
554,1439,10/21/2017,2017,10,21,15,capital,180,44,28,96,48,34,18,152,72,0,1,0,224
555,1439,11/19/2017,2017,11,19,15,capital,234,69,41,79,96,55,32,206,97,0,1,0,303
556,1439,12/19/2017,2017,12,19,15,capital,209,50,29,74,58,54,44,179,80,0,1,0,259
557,1439,1/18/2018,2018,1,18,15,capital,219,37,37,72,55,57,35,160,96,0,1,0,256
558,1439,2/17/2018,2018,2,17,15,capital,180,41,25,62,67,42,25,147,74,0,1,0,221
559,1439,3/18/2018,2018,3,18,15,capital,308,67,63,107,94,69,42,255,120,0,1,0,375
560,1439,4/17/2018,2018,4,17,15,capital,211,54,56,65,53,53,38,192,73,0,1,0,265
561,1439,5/16/2018,2018,5,16,15,capital,304,87,36,102,97,88,68,232,159,0,1,0,391
562,1439,6/15/2018,2018,6,15,15,capital,219,61,31,72,80,64,33,175,105,0,1,0,280
563,1439,7/14/2018,2018,7,14,15,capital,213,40,28,66,67,42,50,184,69,0,1,0,253
564,1439,8/12/2018,2018,8,12,15,capital,282,56,50,83,98,72,35,215,123,0,1,0,338
565,1439,9/21/2017,2017,9,21,16,alqurayyat,24,3,2,8,7,7,3,17,10,0,1,0,27
566,1439,10/21/2017,2017,10,21,16,alqurayyat,32,8,9,22,7,0,2,36,4,0,1,0,40
567,1439,11/19/2017,2017,11,19,16,alqurayyat,23,7,4,16,6,2,2,28,2,0,1,0,30
568,1439,12/19/2017,2017,12,19,16,alqurayyat,22,1,3,14,3,0,3,20,3,0,1,0,23
569,1439,1/18/2018,2018,1,18,16,alqurayyat,23,0,3,9,9,0,2,19,4,0,1,0,23
570,1439,2/17/2018,2018,2,17,16,alqurayyat,14,0,11,2,0,0,1,14,0,0,1,0,14
571,1439,3/18/2018,2018,3,18,16,alqurayyat,28,1,7,19,2,0,1,27,2,0,1,0,29
572,1439,4/17/2018,2018,4,17,16,alqurayyat,21,1,10,5,5,2,0,19,3,0,1,0,22
573,1439,5/16/2018,2018,5,16,16,alqurayyat,30,9,16,6,13,2,2,27,12,0,1,0,39
574,1439,6/15/2018,2018,6,15,16,alqurayyat,15,1,1,8,5,1,1,16,0,0,1,0,16
575,1439,7/14/2018,2018,7,14,16,alqurayyat,19,0,1,16,1,1,0,17,2,0,1,0,19
576,1439,8/12/2018,2018,8,12,16,alqurayyat,20,2,6,6,5,2,3,16,6,0,1,0,22
577,1437,10/14/2015,2015,10,14,1,riyadh,91,6,15,31,40,5,6,56,41,1,0,97,0
578,1437,11/13/2015,2015,11,13,1,riyadh,93,9,14,33,34,9,12,66,36,1,0,102,0
579,1437,12/12/2015,2015,12,12,1,riyadh,101,2,15,35,29,13,11,52,51,1,0,103,0
580,1437,1/11/2016,2016,1,11,1,riyadh,116,10,21,42,35,15,13,62,64,1,0,126,0
581,1437,2/10/2016,2016,2,10,1,riyadh,81,12,16,28,26,14,9,43,50,1,0,93,0
582,1437,3/10/2016,2016,3,10,1,riyadh,97,17,14,37,34,18,11,61,53,1,0,114,0
583,1437,4/8/2016,2016,4,8,1,riyadh,122,16,37,44,40,5,12,69,69,1,0,138,0
584,1437,5/8/2016,2016,5,8,1,riyadh,91,10,15,35,40,7,4,50,51,1,0,101,0
585,1437,6/6/2016,2016,6,6,1,riyadh,151,11,24,43,56,22,17,66,96,1,0,162,0
586,1437,7/6/2016,2016,7,6,1,riyadh,124,4,22,52,29,10,15,47,81,1,0,128,0
587,1437,8/4/2016,2016,8,4,1,riyadh,108,18,26,24,37,23,16,61,65,1,0,126,0
588,1437,9/2/2016,2016,9,2,1,riyadh,131,9,32,38,39,14,17,74,66,1,0,140,0
589,1437,10/14/2015,2015,10,14,2,madinah,57,6,3,6,14,20,20,27,36,1,0,63,0
590,1437,11/13/2015,2015,11,13,2,madinah,50,12,4,15,25,10,8,28,34,1,0,62,0
591,1437,12/12/2015,2015,12,12,2,madinah,50,11,10,17,20,6,8,24,37,1,0,61,0
592,1437,1/11/2016,2016,1,11,2,madinah,56,11,12,15,20,14,6,35,32,1,0,67,0
593,1437,2/10/2016,2016,2,10,2,madinah,42,18,6,9,17,12,16,25,35,1,0,60,0
594,1437,3/10/2016,2016,3,10,2,madinah,71,21,9,20,25,21,17,37,55,1,0,92,0
595,1437,4/8/2016,2016,4,8,2,madinah,44,17,9,12,17,15,8,29,32,1,0,61,0
596,1437,5/8/2016,2016,5,8,2,madinah,43,15,6,10,16,14,12,30,28,1,0,58,0
597,1437,6/6/2016,2016,6,6,2,madinah,82,17,5,20,15,20,39,88,11,1,0,99,0
598,1437,7/6/2016,2016,7,6,2,madinah,61,13,3,10,35,18,8,24,50,1,0,74,0
599,1437,8/4/2016,2016,8,4,2,madinah,41,7,5,10,15,13,5,28,20,1,0,48,0
600,1437,9/2/2016,2016,9,2,2,madinah,58,19,5,10,28,15,19,36,41,1,0,77,0
601,1437,10/14/2015,2015,10,14,3,easternprovince,94,11,8,31,28,32,6,52,53,1,0,105,0
602,1437,11/13/2015,2015,11,13,3,easternprovince,88,16,11,27,37,21,8,59,45,1,0,104,0
603,1437,12/12/2015,2015,12,12,3,easternprovince,97,16,9,36,37,19,12,72,41,1,0,113,0
604,1437,1/11/2016,2016,1,11,3,easternprovince,92,10,9,33,34,19,7,57,45,1,0,102,0
605,1437,2/10/2016,2016,2,10,3,easternprovince,84,6,6,28,31,18,7,45,45,1,0,90,0
606,1437,3/10/2016,2016,3,10,3,easternprovince,92,10,13,35,26,23,5,54,48,1,0,102,0
607,1437,4/8/2016,2016,4,8,3,easternprovince,77,8,5,31,28,16,5,47,38,1,0,85,0
608,1437,5/8/2016,2016,5,8,3,easternprovince,67,10,7,31,26,9,4,46,31,1,0,77,0
609,1437,6/6/2016,2016,6,6,3,easternprovince,65,19,5,25,30,10,14,45,39,1,0,84,0
610,1437,7/6/2016,2016,7,6,3,easternprovince,74,14,11,31,27,12,7,39,49,1,0,88,0
611,1437,8/4/2016,2016,8,4,3,easternprovince,60,10,5,28,17,15,5,42,28,1,0,70,0
612,1437,9/2/2016,2016,9,2,3,easternprovince,81,12,6,31,35,14,7,54,39,1,0,93,0
613,1437,10/14/2015,2015,10,14,4,northernborders,14,0,1,4,4,4,1,10,4,1,0,14,0
614,1437,11/13/2015,2015,11,13,4,northernborders,15,0,4,3,6,2,0,9,6,1,0,15,0
615,1437,12/12/2015,2015,12,12,4,northernborders,13,2,1,5,4,3,2,11,4,1,0,15,0
616,1437,1/11/2016,2016,1,11,4,northernborders,27,3,4,10,4,4,8,23,7,1,0,30,0
617,1437,2/10/2016,2016,2,10,4,northernborders,8,2,1,4,2,1,2,9,1,1,0,10,0
618,1437,3/10/2016,2016,3,10,4,northernborders,20,2,1,8,7,6,0,18,4,1,0,22,0
619,1437,4/8/2016,2016,4,8,4,northernborders,12,0,1,5,1,1,4,8,4,1,0,12,0
620,1437,5/8/2016,2016,5,8,4,northernborders,9,3,4,2,0,2,4,9,3,1,0,12,0
621,1437,6/6/2016,2016,6,6,4,northernborders,11,4,2,6,4,2,1,3,12,1,0,15,0
622,1437,7/6/2016,2016,7,6,4,northernborders,7,5,2,4,3,1,2,12,0,1,0,12,0
623,1437,8/4/2016,2016,8,4,4,northernborders,18,0,5,3,5,2,3,9,9,1,0,18,0
624,1437,9/2/2016,2016,9,2,4,northernborders,14,4,5,7,5,0,1,10,8,1,0,18,0
625,1437,10/14/2015,2015,10,14,5,tabuk,28,12,8,10,9,7,6,29,11,1,0,40,0
626,1437,11/13/2015,2015,11,13,5,tabuk,37,13,6,12,14,7,11,40,10,1,0,50,0
627,1437,12/12/2015,2015,12,12,5,tabuk,35,5,4,21,8,4,3,28,12,1,0,40,0
628,1437,1/11/2016,2016,1,11,5,tabuk,38,15,10,21,8,11,3,32,21,1,0,53,0
629,1437,2/10/2016,2016,2,10,5,tabuk,26,1,1,7,11,3,5,19,8,1,0,27,0
630,1437,3/10/2016,2016,3,10,5,tabuk,24,3,7,6,7,5,2,22,5,1,0,27,0
631,1437,4/8/2016,2016,4,8,5,tabuk,25,3,8,6,7,5,2,22,6,1,0,28,0
632,1437,5/8/2016,2016,5,8,5,tabuk,25,1,3,9,10,3,1,19,7,1,0,26,0
633,1437,6/6/2016,2016,6,6,5,tabuk,30,6,5,12,8,6,5,24,12,1,0,36,0
634,1437,7/6/2016,2016,7,6,5,tabuk,19,4,4,9,6,3,1,15,8,1,0,23,0
635,1437,8/4/2016,2016,8,4,5,tabuk,40,11,8,19,13,9,2,42,9,1,0,51,0
636,1437,9/2/2016,2016,9,2,5,tabuk,28,5,3,15,11,3,1,21,12,1,0,33,0
637,1437,10/14/2015,2015,10,14,6,aljouf,20,1,5,7,5,3,1,12,9,1,0,21,0
638,1437,11/13/2015,2015,11,13,6,aljouf,13,0,0,9,1,2,1,9,4,1,0,13,0
639,1437,12/12/2015,2015,12,12,6,aljouf,12,0,3,2,3,1,3,9,3,1,0,12,0
640,1437,1/11/2016,2016,1,11,6,aljouf,16,2,3,8,7,0,0,15,3,1,0,18,0
641,1437,2/10/2016,2016,2,10,6,aljouf,10,1,0,8,2,0,1,11,0,1,0,11,0
642,1437,3/10/2016,2016,3,10,6,aljouf,7,3,2,7,0,1,0,7,3,1,0,10,0
643,1437,4/8/2016,2016,4,8,6,aljouf,13,2,3,5,6,1,0,11,4,1,0,15,0
644,1437,5/8/2016,2016,5,8,6,aljouf,12,3,5,5,3,1,1,12,3,1,0,15,0
645,1437,6/6/2016,2016,6,6,6,aljouf,12,4,3,5,3,3,2,14,2,1,0,16,0
646,1437,7/6/2016,2016,7,6,6,aljouf,11,0,4,1,2,2,2,5,6,1,0,11,0
647,1437,8/4/2016,2016,8,4,6,aljouf,14,2,2,6,2,2,4,14,2,1,0,16,0
648,1437,9/2/2016,2016,9,2,6,aljouf,15,3,5,5,4,0,4,12,6,1,0,18,0
649,1437,10/14/2015,2015,10,14,7,hail,27,7,2,11,10,8,3,31,3,1,0,34,0
650,1437,11/13/2015,2015,11,13,7,hail,32,1,8,8,7,5,5,26,7,1,0,33,0
651,1437,12/12/2015,2015,12,12,7,hail,18,3,3,8,3,5,2,16,5,1,0,21,0
652,1437,1/11/2016,2016,1,11,7,hail,24,1,1,11,7,4,2,19,6,1,0,25,0
653,1437,2/10/2016,2016,2,10,7,hail,21,1,3,11,2,3,3,18,4,1,0,22,0
654,1437,3/10/2016,2016,3,10,7,hail,28,3,4,19,6,0,2,27,4,1,0,31,0
655,1437,4/8/2016,2016,4,8,7,hail,23,2,1,10,8,4,2,10,15,1,0,25,0
656,1437,5/8/2016,2016,5,8,7,hail,24,3,0,13,7,6,1,21,6,1,0,27,0
657,1437,6/6/2016,2016,6,6,7,hail,16,2,1,7,5,3,2,12,6,1,0,18,0
658,1437,7/6/2016,2016,7,6,7,hail,19,3,1,8,5,6,2,15,7,1,0,22,0
659,1437,8/4/2016,2016,8,4,7,hail,21,7,3,12,6,4,3,19,9,1,0,28,0
660,1437,9/2/2016,2016,9,2,7,hail,11,2,1,4,3,3,2,11,2,1,0,13,0
661,1437,10/14/2015,2015,10,14,8,najran,16,0,2,9,2,2,1,12,4,1,0,16,0
662,1437,11/13/2015,2015,11,13,8,najran,8,0,2,5,0,1,0,3,5,1,0,8,0
663,1437,12/12/2015,2015,12,12,8,najran,11,0,5,4,1,0,1,10,1,1,0,11,0
664,1437,1/11/2016,2016,1,11,8,najran,19,5,6,10,7,0,1,12,12,1,0,24,0
665,1437,2/10/2016,2016,2,10,8,najran,13,3,3,7,2,1,3,4,12,1,0,16,0
666,1437,3/10/2016,2016,3,10,8,najran,5,1,1,2,2,0,1,4,2,1,0,6,0
667,1437,4/8/2016,2016,4,8,8,najran,8,1,4,3,1,0,1,5,4,1,0,9,0
668,1437,5/8/2016,2016,5,8,8,najran,18,4,1,6,8,3,4,6,16,1,0,22,0
669,1437,6/6/2016,2016,6,6,8,najran,15,1,2,9,2,1,2,11,5,1,0,16,0
670,1437,7/6/2016,2016,7,6,8,najran,16,1,3,7,3,3,1,10,7,1,0,17,0
671,1437,8/4/2016,2016,8,4,8,najran,9,0,2,3,2,2,0,5,4,1,0,9,0
672,1437,9/2/2016,2016,9,2,8,najran,19,0,2,3,3,2,9,9,10,1,0,19,0
673,1437,10/14/2015,2015,10,14,9,qassim,34,3,4,14,10,3,6,26,11,1,0,37,0
674,1437,11/13/2015,2015,11,13,9,qassim,23,2,2,12,6,3,2,13,12,1,0,25,0
675,1437,12/12/2015,2015,12,12,9,qassim,22,2,4,12,7,1,0,13,11,1,0,24,0
676,1437,1/11/2016,2016,1,11,9,qassim,20,2,0,10,8,2,2,15,7,1,0,22,0
677,1437,2/10/2016,2016,2,10,9,qassim,35,5,4,20,8,4,4,23,17,1,0,40,0
678,1437,3/10/2016,2016,3,10,9,qassim,29,1,2,20,4,2,2,21,9,1,0,30,0
679,1437,4/8/2016,2016,4,8,9,qassim,27,7,5,10,13,3,3,25,9,1,0,34,0
680,1437,5/8/2016,2016,5,8,9,qassim,21,4,6,8,9,0,2,13,12,1,0,25,0
681,1437,6/6/2016,2016,6,6,9,qassim,44,9,13,9,19,5,7,19,34,1,0,53,0
682,1437,7/6/2016,2016,7,6,9,qassim,31,1,3,5,15,8,1,16,16,1,0,32,0
683,1437,8/4/2016,2016,8,4,9,qassim,37,4,4,15,12,6,4,29,12,1,0,41,0
684,1437,9/2/2016,2016,9,2,9,qassim,33,1,2,9,20,2,1,22,12,1,0,34,0
685,1437,10/14/2015,2015,10,14,10,albaha,4,1,0,2,0,2,1,2,3,1,0,5,0
686,1437,11/13/2015,2015,11,13,10,albaha,15,0,1,7,2,0,5,11,4,1,0,15,0
687,1437,12/12/2015,2015,12,12,10,albaha,14,1,1,8,2,0,4,8,7,1,0,15,0
688,1437,1/11/2016,2016,1,11,10,albaha,9,0,4,2,2,0,1,9,0,1,0,9,0
689,1437,2/10/2016,2016,2,10,10,albaha,16,1,1,9,3,3,1,13,4,1,0,17,0
690,1437,3/10/2016,2016,3,10,10,albaha,13,5,1,9,1,4,3,13,5,1,0,18,0
691,1437,4/8/2016,2016,4,8,10,albaha,15,0,2,7,3,1,2,11,4,1,0,15,0
692,1437,5/8/2016,2016,5,8,10,albaha,15,1,2,7,2,1,4,12,4,1,0,16,0
693,1437,6/6/2016,2016,6,6,10,albaha,13,2,1,7,2,2,3,11,4,1,0,15,0
694,1437,7/6/2016,2016,7,6,10,albaha,13,7,5,9,0,1,5,17,3,1,0,20,0
695,1437,8/4/2016,2016,8,4,10,albaha,21,4,4,5,10,2,4,19,6,1,0,25,0
696,1437,9/2/2016,2016,9,2,10,albaha,12,3,8,4,1,1,1,13,2,1,0,15,0
697,1437,10/14/2015,2015,10,14,11,asir,67,5,9,37,12,3,11,57,15,1,0,72,0
698,1437,11/13/2015,2015,11,13,11,asir,59,2,5,25,23,3,5,38,23,1,0,61,0
699,1437,12/12/2015,2015,12,12,11,asir,80,8,13,38,19,5,13,69,19,1,0,88,0
700,1437,1/11/2016,2016,1,11,11,asir,62,5,9,27,8,10,13,50,17,1,0,67,0
701,1437,2/10/2016,2016,2,10,11,asir,48,4,6,22,9,8,7,41,11,1,0,52,0
702,1437,3/10/2016,2016,3,10,11,asir,87,19,24,39,21,12,10,79,27,1,0,106,0
703,1437,4/8/2016,2016,4,8,11,asir,87,5,12,41,18,8,13,69,23,1,0,92,0
704,1437,5/8/2016,2016,5,8,11,asir,64,13,16,29,10,8,14,61,16,1,0,77,0
705,1437,6/6/2016,2016,6,6,11,asir,97,16,23,40,26,13,11,66,47,1,0,113,0
706,1437,7/6/2016,2016,7,6,11,asir,72,5,11,26,20,7,13,58,19,1,0,77,0
707,1437,8/4/2016,2016,8,4,11,asir,79,6,9,38,12,9,17,64,21,1,0,85,0
708,1437,9/2/2016,2016,9,2,11,asir,81,12,17,38,26,5,7,64,29,1,0,93,0
709,1437,10/14/2015,2015,10,14,12,jazan,32,3,6,9,11,4,5,24,11,1,0,35,0
710,1437,11/13/2015,2015,11,13,12,jazan,41,4,5,9,17,8,6,26,19,1,0,45,0
711,1437,12/12/2015,2015,12,12,12,jazan,39,2,6,18,12,4,1,30,11,1,0,41,0
712,1437,1/11/2016,2016,1,11,12,jazan,41,5,7,20,12,4,3,31,15,1,0,46,0
713,1437,2/10/2016,2016,2,10,12,jazan,44,9,11,18,10,7,7,41,12,1,0,53,0
714,1437,3/10/2016,2016,3,10,12,jazan,52,2,7,17,19,10,1,37,17,1,0,54,0
715,1437,4/8/2016,2016,4,8,12,jazan,33,3,4,14,10,1,7,26,10,1,0,36,0
716,1437,5/8/2016,2016,5,8,12,jazan,38,4,6,12,15,5,4,28,14,1,0,42,0
717,1437,6/6/2016,2016,6,6,12,jazan,37,1,14,11,9,0,4,29,9,1,0,38,0
718,1437,7/6/2016,2016,7,6,12,jazan,38,2,6,15,7,7,5,26,14,1,0,40,0
719,1437,8/4/2016,2016,8,4,12,jazan,29,6,8,14,7,5,1,25,10,1,0,35,0
720,1437,9/2/2016,2016,9,2,12,jazan,47,2,10,14,9,8,8,35,14,1,0,49,0
721,1437,10/14/2015,2015,10,14,13,jeddah,35,6,3,14,11,6,7,22,19,1,0,41,0
722,1437,11/13/2015,2015,11,13,13,jeddah,53,8,8,19,16,10,8,24,37,1,0,61,0
723,1437,12/12/2015,2015,12,12,13,jeddah,42,6,10,14,9,7,8,24,24,1,0,48,0
724,1437,1/11/2016,2016,1,11,13,jeddah,37,2,7,12,7,6,7,26,13,1,0,39,0
725,1437,2/10/2016,2016,2,10,13,jeddah,61,5,13,18,14,13,8,34,32,1,0,66,0
726,1437,3/10/2016,2016,3,10,13,jeddah,46,4,9,12,10,9,10,17,33,1,0,50,0
727,1437,4/8/2016,2016,4,8,13,jeddah,45,5,6,14,12,11,7,18,32,1,0,50,0
728,1437,5/8/2016,2016,5,8,13,jeddah,43,3,5,11,13,11,6,19,27,1,0,46,0
729,1437,6/6/2016,2016,6,6,13,jeddah,62,11,10,18,16,16,13,24,49,1,0,73,0
730,1437,7/6/2016,2016,7,6,13,jeddah,42,5,9,12,13,8,5,20,27,1,0,47,0
731,1437,8/4/2016,2016,8,4,13,jeddah,42,7,6,12,11,11,9,17,32,1,0,49,0
732,1437,9/2/2016,2016,9,2,13,jeddah,47,13,7,22,14,13,4,18,42,1,0,60,0
733,1437,10/14/2015,2015,10,14,14,taif,59,8,15,19,13,5,15,53,14,1,0,67,0
734,1437,11/13/2015,2015,11,13,14,taif,39,5,10,18,8,2,6,33,11,1,0,44,0
735,1437,12/12/2015,2015,12,12,14,taif,41,6,8,10,22,2,5,23,24,1,0,47,0
736,1437,1/11/2016,2016,1,11,14,taif,38,4,9,14,8,6,5,26,16,1,0,42,0
737,1437,2/10/2016,2016,2,10,14,taif,48,12,12,20,10,7,11,24,36,1,0,60,0
738,1437,3/10/2016,2016,3,10,14,taif,46,7,9,16,13,8,7,32,21,1,0,53,0
739,1437,4/8/2016,2016,4,8,14,taif,56,9,10,21,12,10,12,46,19,1,0,65,0
740,1437,5/8/2016,2016,5,8,14,taif,56,1,13,12,12,8,12,39,18,1,0,57,0
741,1437,6/6/2016,2016,6,6,14,taif,65,20,13,19,23,18,12,40,45,1,0,85,0
742,1437,7/6/2016,2016,7,6,14,taif,45,6,5,14,6,15,11,30,21,1,0,51,0
743,1437,8/4/2016,2016,8,4,14,taif,39,4,4,12,13,10,4,30,13,1,0,43,0
744,1437,9/2/2016,2016,9,2,14,taif,29,1,5,6,7,6,6,21,9,1,0,30,0
745,1437,10/14/2015,2015,10,14,15,capital,72,10,10,16,7,2,47,57,25,1,0,82,0
746,1437,11/13/2015,2015,11,13,15,capital,73,9,9,28,8,6,31,55,27,1,0,82,0
747,1437,12/12/2015,2015,12,12,15,capital,73,9,7,18,2,3,52,56,26,1,0,82,0
748,1437,1/11/2016,2016,1,11,15,capital,81,14,7,19,23,15,31,61,34,1,0,95,0
749,1437,2/10/2016,2016,2,10,15,capital,60,7,8,18,8,7,26,43,24,1,0,67,0
750,1437,3/10/2016,2016,3,10,15,capital,57,12,9,17,15,6,22,40,29,1,0,69,0
751,1437,4/8/2016,2016,4,8,15,capital,53,18,10,8,11,8,34,40,31,1,0,71,0
752,1437,5/8/2016,2016,5,8,15,capital,60,5,4,14,13,4,30,38,27,1,0,65,0
753,1437,6/6/2016,2016,6,6,15,capital,102,32,10,20,18,22,64,65,69,1,0,134,0
754,1437,7/6/2016,2016,7,6,15,capital,72,14,9,24,23,16,14,33,53,1,0,86,0
755,1437,8/4/2016,2016,8,4,15,capital,63,8,6,15,18,5,27,37,34,1,0,71,0
756,1437,9/2/2016,2016,9,2,15,capital,57,8,0,16,9,5,35,26,39,1,0,65,0
757,1437,10/14/2015,2015,10,14,16,alqurayyat,5,0,0,2,1,0,2,4,1,1,0,5,0
758,1437,11/13/2015,2015,11,13,16,alqurayyat,8,5,6,4,2,0,1,10,3,1,0,13,0
759,1437,12/12/2015,2015,12,12,16,alqurayyat,4,0,0,2,1,0,1,3,1,1,0,4,0
760,1437,1/11/2016,2016,1,11,16,alqurayyat,5,0,0,2,2,0,1,4,1,1,0,5,0
761,1437,2/10/2016,2016,2,10,16,alqurayyat,7,0,3,2,1,0,1,6,1,1,0,7,0
762,1437,3/10/2016,2016,3,10,16,alqurayyat,3,0,0,3,0,0,0,3,0,1,0,3,0
763,1437,4/8/2016,2016,4,8,16,alqurayyat,0,0,0,0,0,0,0,0,0,1,0,0,0
764,1437,5/8/2016,2016,5,8,16,alqurayyat,5,3,3,1,3,1,0,7,1,1,0,8,0
765,1437,6/6/2016,2016,6,6,16,alqurayyat,8,0,5,0,3,0,0,4,4,1,0,8,0
766,1437,7/6/2016,2016,7,6,16,alqurayyat,1,0,0,1,0,0,0,1,0,1,0,1,0
767,1437,8/4/2016,2016,8,4,16,alqurayyat,4,1,1,1,2,0,1,5,0,1,0,5,0
768,1437,9/2/2016,2016,9,2,16,alqurayyat,10,0,1,6,1,0,2,10,0,1,0,10,0
769,1438,10/2/2016,2016,10,2,1,riyadh,113,16,28,32,39,21,9,64,65,1,0,129,0
770,1438,11/1/2016,2016,11,1,1,riyadh,132,8,23,35,39,25,18,84,56,1,0,140,0
771,1438,11/30/2016,2016,11,30,1,riyadh,124,8,10,52,47,20,3,66,66,1,0,132,0
772,1438,12/30/2016,2016,12,30,1,riyadh,135,13,28,49,34,21,16,85,63,1,0,148,0
773,1438,1/29/2017,2017,1,29,1,riyadh,100,23,19,43,37,17,7,69,54,1,0,123,0
774,1438,2/28/2017,2017,2,28,1,riyadh,82,12,14,24,33,15,8,63,31,1,0,94,0
775,1438,3/29/2017,2017,3,29,1,riyadh,113,7,17,24,37,35,7,69,51,1,0,120,0
776,1438,4/27/2017,2017,4,27,1,riyadh,90,7,9,19,36,27,6,51,46,1,0,97,0
777,1438,5/27/2017,2017,5,27,1,riyadh,111,12,25,23,56,7,12,50,73,1,0,123,0
778,1438,6/25/2017,2017,6,25,1,riyadh,92,15,18,29,33,15,12,66,41,1,0,107,0
779,1438,7/24/2017,2017,7,24,1,riyadh,84,5,18,42,15,8,6,32,57,1,0,89,0
780,1438,8/23/2017,2017,8,23,1,riyadh,86,11,19,23,27,17,11,49,48,1,0,97,0
781,1438,10/2/2016,2016,10,2,2,madinah,38,2,0,8,24,4,4,28,12,1,0,40,0
782,1438,11/1/2016,2016,11,1,2,madinah,48,9,2,16,22,10,7,32,25,1,0,57,0
783,1438,11/30/2016,2016,11,30,2,madinah,44,5,5,9,10,15,10,29,20,1,0,49,0
784,1438,12/30/2016,2016,12,30,2,madinah,37,15,5,8,17,18,4,15,37,1,0,52,0
785,1438,1/29/2017,2017,1,29,2,madinah,25,4,2,9,10,5,3,14,15,1,0,29,0
786,1438,2/28/2017,2017,2,28,2,madinah,37,10,4,7,14,13,9,17,30,1,0,47,0
787,1438,3/29/2017,2017,3,29,2,madinah,42,8,5,8,18,12,7,19,31,1,0,50,0
788,1438,4/27/2017,2017,4,27,2,madinah,42,8,5,11,15,13,6,30,20,1,0,50,0
789,1438,5/27/2017,2017,5,27,2,madinah,46,12,5,11,17,15,10,18,40,1,0,58,0
790,1438,6/25/2017,2017,6,25,2,madinah,42,12,8,13,14,12,7,21,33,1,0,54,0
791,1438,7/24/2017,2017,7,24,2,madinah,32,11,4,9,11,12,7,19,24,1,0,43,0
792,1438,8/23/2017,2017,8,23,2,madinah,40,11,4,11,12,14,10,20,31,1,0,51,0
793,1438,10/2/2016,2016,10,2,3,easternprovince,82,18,11,33,31,16,9,43,57,1,0,100,0
794,1438,11/1/2016,2016,11,1,3,easternprovince,63,7,7,26,18,15,4,47,23,1,0,70,0
795,1438,11/30/2016,2016,11,30,3,easternprovince,59,10,10,28,19,7,5,37,32,1,0,69,0
796,1438,12/30/2016,2016,12,30,3,easternprovince,93,10,12,31,36,15,9,69,34,1,0,103,0
797,1438,1/29/2017,2017,1,29,3,easternprovince,73,7,5,31,24,11,9,47,33,1,0,80,0
798,1438,2/28/2017,2017,2,28,3,easternprovince,78,4,10,28,23,12,9,49,33,1,0,82,0
799,1438,3/29/2017,2017,3,29,3,easternprovince,63,8,5,27,22,13,4,34,37,1,0,71,0
800,1438,4/27/2017,2017,4,27,3,easternprovince,57,5,4,15,20,14,9,30,32,1,0,62,0
801,1438,5/27/2017,2017,5,27,3,easternprovince,65,0,7,17,31,6,4,36,29,1,0,65,0
802,1438,6/25/2017,2017,6,25,3,easternprovince,80,18,13,24,26,19,16,48,50,1,0,98,0
803,1438,7/24/2017,2017,7,24,3,easternprovince,62,7,7,22,22,14,4,39,30,1,0,69,0
804,1438,8/23/2017,2017,8,23,3,easternprovince,81,13,13,33,21,17,10,51,43,1,0,94,0
805,1438,10/2/2016,2016,10,2,4,northernborders,7,1,2,4,1,0,1,6,2,1,0,8,0
806,1438,11/1/2016,2016,11,1,4,northernborders,7,0,0,2,2,1,2,3,4,1,0,7,0
807,1438,11/30/2016,2016,11,30,4,northernborders,11,0,1,3,2,3,2,7,4,1,0,11,0
808,1438,12/30/2016,2016,12,30,4,northernborders,11,0,1,3,3,2,2,7,4,1,0,11,0
809,1438,1/29/2017,2017,1,29,4,northernborders,13,1,1,5,6,1,1,11,3,1,0,14,0
810,1438,2/28/2017,2017,2,28,4,northernborders,8,0,0,4,3,1,0,4,4,1,0,8,0
811,1438,3/29/2017,2017,3,29,4,northernborders,9,2,0,3,3,0,5,8,3,1,0,11,0
812,1438,4/27/2017,2017,4,27,4,northernborders,6,2,0,2,2,2,2,6,2,1,0,8,0
813,1438,5/27/2017,2017,5,27,4,northernborders,7,5,6,4,2,0,0,4,8,1,0,12,0
814,1438,6/25/2017,2017,6,25,4,northernborders,7,0,2,0,1,4,0,4,3,1,0,7,0
815,1438,7/24/2017,2017,7,24,4,northernborders,2,1,1,2,0,0,0,1,2,1,0,3,0
816,1438,8/23/2017,2017,8,23,4,northernborders,10,2,3,2,3,2,2,8,4,1,0,12,0
817,1438,10/2/2016,2016,10,2,5,tabuk,21,4,4,8,5,3,5,19,6,1,0,25,0
818,1438,11/1/2016,2016,11,1,5,tabuk,20,4,1,7,3,8,5,16,8,1,0,24,0
819,1438,11/30/2016,2016,11,30,5,tabuk,19,1,2,9,6,2,1,14,6,1,0,20,0
820,1438,12/30/2016,2016,12,30,5,tabuk,27,10,7,20,4,4,2,25,12,1,0,37,0
821,1438,1/29/2017,2017,1,29,5,tabuk,24,2,1,16,3,1,5,23,3,1,0,26,0
822,1438,2/28/2017,2017,2,28,5,tabuk,19,4,1,10,4,2,6,15,8,1,0,23,0
823,1438,3/29/2017,2017,3,29,5,tabuk,23,2,4,12,4,0,5,21,4,1,0,25,0
824,1438,4/27/2017,2017,4,27,5,tabuk,30,3,4,13,6,4,6,27,6,1,0,33,0
825,1438,5/27/2017,2017,5,27,5,tabuk,33,15,9,21,12,3,3,38,10,1,0,48,0
826,1438,6/25/2017,2017,6,25,5,tabuk,19,5,5,6,9,2,2,17,7,1,0,24,0
827,1438,7/24/2017,2017,7,24,5,tabuk,22,6,2,10,8,3,5,18,10,1,0,28,0
828,1438,8/23/2017,2017,8,23,5,tabuk,25,10,7,9,8,7,4,24,11,1,0,35,0
829,1438,10/2/2016,2016,10,2,6,aljouf,15,1,4,4,4,2,2,11,5,1,0,16,0
830,1438,11/1/2016,2016,11,1,6,aljouf,14,2,2,8,2,0,4,14,2,1,0,16,0
831,1438,11/30/2016,2016,11,30,6,aljouf,6,0,1,4,1,0,0,3,3,1,0,6,0
832,1438,12/30/2016,2016,12,30,6,aljouf,18,1,2,6,7,2,2,13,6,1,0,19,0
833,1438,1/29/2017,2017,1,29,6,aljouf,10,1,2,3,4,1,1,8,3,1,0,11,0
834,1438,2/28/2017,2017,2,28,6,aljouf,7,2,0,4,4,0,1,8,1,1,0,9,0
835,1438,3/29/2017,2017,3,29,6,aljouf,15,1,2,7,3,3,1,8,8,1,0,16,0
836,1438,4/27/2017,2017,4,27,6,aljouf,8,1,3,3,3,0,0,9,0,1,0,9,0
837,1438,5/27/2017,2017,5,27,6,aljouf,9,2,1,5,4,0,1,6,5,1,0,11,0
838,1438,6/25/2017,2017,6,25,6,aljouf,14,1,1,9,3,0,2,13,2,1,0,15,0
839,1438,7/24/2017,2017,7,24,6,aljouf,12,6,5,3,9,0,1,18,0,1,0,18,0
840,1438,8/23/2017,2017,8,23,6,aljouf,13,4,3,6,2,2,4,11,6,1,0,17,0
841,1438,10/2/2016,2016,10,2,7,hail,14,3,2,4,5,4,2,13,4,1,0,17,0
842,1438,11/1/2016,2016,11,1,7,hail,35,2,10,14,4,5,4,32,5,1,0,37,0
843,1438,11/30/2016,2016,11,30,7,hail,25,1,3,12,3,3,5,19,7,1,0,26,0
844,1438,12/30/2016,2016,12,30,7,hail,30,1,8,8,5,3,7,24,7,1,0,31,0
845,1438,1/29/2017,2017,1,29,7,hail,27,0,4,15,4,3,1,23,4,1,0,27,0
846,1438,2/28/2017,2017,2,28,7,hail,19,1,3,9,5,2,1,16,4,1,0,20,0
847,1438,3/29/2017,2017,3,29,7,hail,15,3,3,8,2,3,2,11,7,1,0,18,0
848,1438,4/27/2017,2017,4,27,7,hail,21,2,5,3,9,3,3,12,11,1,0,23,0
849,1438,5/27/2017,2017,5,27,7,hail,21,1,1,10,8,2,1,15,7,1,0,22,0
850,1438,6/25/2017,2017,6,25,7,hail,13,0,2,6,3,1,1,6,7,1,0,13,0
851,1438,7/24/2017,2017,7,24,7,hail,14,3,5,9,0,1,2,11,6,1,0,17,0
852,1438,8/23/2017,2017,8,23,7,hail,13,1,3,6,2,1,2,10,4,1,0,14,0
853,1438,10/2/2016,2016,10,2,8,najran,16,0,3,6,3,3,1,10,6,1,0,16,0
854,1438,11/1/2016,2016,11,1,8,najran,14,0,2,3,2,2,5,10,4,1,0,14,0
855,1438,11/30/2016,2016,11,30,8,najran,16,3,2,6,4,3,4,10,9,1,0,19,0
856,1438,12/30/2016,2016,12,30,8,najran,15,0,1,3,4,3,4,8,7,1,0,15,0
857,1438,1/29/2017,2017,1,29,8,najran,15,0,1,6,2,4,2,12,3,1,0,15,0
858,1438,2/28/2017,2017,2,28,8,najran,17,0,4,7,2,1,3,10,7,1,0,17,0
859,1438,3/29/2017,2017,3,29,8,najran,16,1,3,4,3,2,5,8,9,1,0,17,0
860,1438,4/27/2017,2017,4,27,8,najran,12,0,2,8,1,0,1,8,4,1,0,12,0
861,1438,5/27/2017,2017,5,27,8,najran,19,4,5,8,6,1,3,11,12,1,0,23,0
862,1438,6/25/2017,2017,6,25,8,najran,10,0,0,5,2,0,3,3,7,1,0,10,0
863,1438,7/24/2017,2017,7,24,8,najran,13,1,2,5,3,3,1,7,7,1,0,14,0
864,1438,8/23/2017,2017,8,23,8,najran,21,1,2,6,5,4,5,7,15,1,0,22,0
865,1438,10/2/2016,2016,10,2,9,qassim,29,2,3,8,12,2,6,20,11,1,0,31,0
866,1438,11/1/2016,2016,11,1,9,qassim,18,4,3,6,8,2,3,16,6,1,0,22,0
867,1438,11/30/2016,2016,11,30,9,qassim,18,3,5,8,5,2,1,14,7,1,0,21,0
868,1438,12/30/2016,2016,12,30,9,qassim,36,1,8,10,10,4,5,30,7,1,0,37,0
869,1438,1/29/2017,2017,1,29,9,qassim,21,6,4,6,10,4,3,17,10,1,0,27,0
870,1438,2/28/2017,2017,2,28,9,qassim,16,3,2,8,4,2,3,11,8,1,0,19,0
871,1438,3/29/2017,2017,3,29,9,qassim,25,2,3,13,5,3,3,17,10,1,0,27,0
872,1438,4/27/2017,2017,4,27,9,qassim,22,3,1,9,9,4,2,10,15,1,0,25,0
873,1438,5/27/2017,2017,5,27,9,qassim,28,2,3,15,8,4,0,16,14,1,0,30,0
874,1438,6/25/2017,2017,6,25,9,qassim,29,7,6,19,3,6,2,26,10,1,0,36,0
875,1438,7/24/2017,2017,7,24,9,qassim,16,2,2,4,2,7,3,9,9,1,0,18,0
876,1438,8/23/2017,2017,8,23,9,qassim,23,3,3,4,7,6,6,12,14,1,0,26,0
877,1438,10/2/2016,2016,10,2,10,albaha,12,2,1,9,3,0,1,7,7,1,0,14,0
878,1438,11/1/2016,2016,11,1,10,albaha,8,0,1,3,1,2,1,4,4,1,0,8,0
879,1438,11/30/2016,2016,11,30,10,albaha,8,0,0,1,5,2,0,3,5,1,0,8,0
880,1438,12/30/2016,2016,12,30,10,albaha,10,0,2,4,1,1,2,7,3,1,0,10,0
881,1438,1/29/2017,2017,1,29,10,albaha,7,0,0,4,2,0,1,5,2,1,0,7,0
882,1438,2/28/2017,2017,2,28,10,albaha,7,0,3,1,1,1,1,5,2,1,0,7,0
883,1438,3/29/2017,2017,3,29,10,albaha,15,2,3,7,1,2,4,12,5,1,0,17,0
884,1438,4/27/2017,2017,4,27,10,albaha,9,1,0,2,4,2,2,8,2,1,0,10,0
885,1438,5/27/2017,2017,5,27,10,albaha,11,2,4,1,0,5,3,9,4,1,0,13,0
886,1438,6/25/2017,2017,6,25,10,albaha,16,1,2,7,2,3,3,9,8,1,0,17,0
887,1438,7/24/2017,2017,7,24,10,albaha,11,0,2,7,0,1,1,7,4,1,0,11,0
888,1438,8/23/2017,2017,8,23,10,albaha,10,2,1,3,1,1,6,10,2,1,0,12,0
889,1438,10/2/2016,2016,10,2,11,asir,63,5,5,26,21,7,9,50,18,1,0,68,0
890,1438,11/1/2016,2016,11,1,11,asir,52,6,7,19,15,10,7,41,17,1,0,58,0
891,1438,11/30/2016,2016,11,30,11,asir,54,11,4,32,8,8,13,52,13,1,0,65,0
892,1438,12/30/2016,2016,12,30,11,asir,54,5,8,28,16,4,3,48,11,1,0,59,0
893,1438,1/29/2017,2017,1,29,11,asir,51,9,9,25,11,8,7,44,16,1,0,60,0
894,1438,2/28/2017,2017,2,28,11,asir,51,4,6,24,11,10,4,37,18,1,0,55,0
895,1438,3/29/2017,2017,3,29,11,asir,66,1,7,33,17,5,5,55,12,1,0,67,0
896,1438,4/27/2017,2017,4,27,11,asir,76,7,12,31,18,10,12,62,21,1,0,83,0
897,1438,5/27/2017,2017,5,27,11,asir,75,16,17,28,16,8,22,69,22,1,0,91,0
898,1438,6/25/2017,2017,6,25,11,asir,73,10,10,30,17,10,16,65,18,1,0,83,0
899,1438,7/24/2017,2017,7,24,11,asir,55,7,8,28,11,5,10,49,13,1,0,62,0
900,1438,8/23/2017,2017,8,23,11,asir,74,3,8,33,18,7,11,60,17,1,0,77,0
901,1438,10/2/2016,2016,10,2,12,jazan,36,3,8,15,10,5,1,29,10,1,0,39,0
902,1438,11/1/2016,2016,11,1,12,jazan,44,5,10,27,6,4,2,35,14,1,0,49,0
903,1438,11/30/2016,2016,11,30,12,jazan,47,1,1,21,14,7,5,35,13,1,0,48,0
904,1438,12/30/2016,2016,12,30,12,jazan,41,9,10,24,5,4,7,40,10,1,0,50,0
905,1438,1/29/2017,2017,1,29,12,jazan,40,12,5,19,15,7,6,36,16,1,0,52,0
906,1438,2/28/2017,2017,2,28,12,jazan,13,4,2,9,4,2,0,11,6,1,0,17,0
907,1438,3/29/2017,2017,3,29,12,jazan,16,3,1,11,4,3,0,15,4,1,0,19,0
908,1438,4/27/2017,2017,4,27,12,jazan,11,17,5,8,6,6,3,18,10,1,0,28,0
909,1438,5/27/2017,2017,5,27,12,jazan,34,3,5,12,8,10,2,22,15,1,0,37,0
910,1438,6/25/2017,2017,6,25,12,jazan,31,2,3,15,6,8,1,24,9,1,0,33,0
911,1438,7/24/2017,2017,7,24,12,jazan,50,6,11,29,10,4,2,46,10,1,0,56,0
912,1438,8/23/2017,2017,8,23,12,jazan,35,3,11,13,8,1,5,31,7,1,0,38,0
913,1438,10/2/2016,2016,10,2,13,jeddah,38,1,3,11,12,9,4,19,20,1,0,39,0
914,1438,11/1/2016,2016,11,1,13,jeddah,42,1,7,11,9,8,8,13,30,1,0,43,0
915,1438,11/30/2016,2016,11,30,13,jeddah,28,3,5,6,8,8,4,8,23,1,0,31,0
916,1438,12/30/2016,2016,12,30,13,jeddah,32,3,4,12,6,9,4,13,22,1,0,35,0
917,1438,1/29/2017,2017,1,29,13,jeddah,38,2,4,13,9,8,6,17,23,1,0,40,0
918,1438,2/28/2017,2017,2,28,13,jeddah,36,1,3,12,10,5,7,16,21,1,0,37,0
919,1438,3/29/2017,2017,3,29,13,jeddah,33,2,4,11,6,7,7,15,20,1,0,35,0
920,1438,4/27/2017,2017,4,27,13,jeddah,33,4,3,13,8,8,5,12,25,1,0,37,0
921,1438,5/27/2017,2017,5,27,13,jeddah,34,4,4,9,8,7,10,16,22,1,0,38,0
922,1438,6/25/2017,2017,6,25,13,jeddah,28,6,5,5,17,4,3,13,21,1,0,34,0
923,1438,7/24/2017,2017,7,24,13,jeddah,26,1,2,8,7,6,4,15,12,1,0,27,0
924,1438,8/23/2017,2017,8,23,13,jeddah,25,3,3,9,6,5,5,11,17,1,0,28,0
925,1438,10/2/2016,2016,10,2,14,taif,41,4,1,9,17,11,7,28,17,1,0,45,0
926,1438,11/1/2016,2016,11,1,14,taif,36,6,3,12,15,9,3,28,14,1,0,42,0
927,1438,11/30/2016,2016,11,30,14,taif,43,9,6,12,11,14,9,25,27,1,0,52,0
928,1438,12/30/2016,2016,12,30,14,taif,35,3,11,5,10,3,9,19,19,1,0,38,0
929,1438,1/29/2017,2017,1,29,14,taif,30,3,5,9,8,9,2,16,17,1,0,33,0
930,1438,2/28/2017,2017,2,28,14,taif,28,1,6,10,8,2,3,21,8,1,0,29,0
931,1438,3/29/2017,2017,3,29,14,taif,41,4,6,11,10,6,12,22,23,1,0,45,0
932,1438,4/27/2017,2017,4,27,14,taif,43,7,7,11,14,9,9,25,25,1,0,50,0
933,1438,5/27/2017,2017,5,27,14,taif,30,3,5,6,8,8,6,23,10,1,0,33,0
934,1438,6/25/2017,2017,6,25,14,taif,52,10,13,16,12,14,7,40,22,1,0,62,0
935,1438,7/24/2017,2017,7,24,14,taif,32,1,2,4,12,11,4,26,7,1,0,33,0
936,1438,8/23/2017,2017,8,23,14,taif,41,4,5,13,12,9,6,31,14,1,0,45,0
937,1438,10/2/2016,2016,10,2,15,capital,47,0,2,17,12,6,10,29,18,1,0,47,0
938,1438,11/1/2016,2016,11,1,15,capital,46,6,3,21,11,7,10,38,14,1,0,52,0
939,1438,11/30/2016,2016,11,30,15,capital,58,10,9,28,12,9,10,36,32,1,0,68,0
940,1438,12/30/2016,2016,12,30,15,capital,43,9,5,13,9,10,15,28,24,1,0,52,0
941,1438,1/29/2017,2017,1,29,15,capital,50,18,10,15,17,5,21,42,26,1,0,68,0
942,1438,2/28/2017,2017,2,28,15,capital,47,8,5,7,11,13,19,30,25,1,0,55,0
943,1438,3/29/2017,2017,3,29,15,capital,52,12,2,9,13,8,32,29,35,1,0,64,0
944,1438,4/27/2017,2017,4,27,15,capital,48,12,7,21,9,6,17,39,21,1,0,60,0
945,1438,5/27/2017,2017,5,27,15,capital,43,14,11,13,9,4,20,38,19,1,0,57,0
946,1438,6/25/2017,2017,6,25,15,capital,64,14,5,20,18,25,10,48,30,1,0,78,0
947,1438,7/24/2017,2017,7,24,15,capital,47,10,1,14,9,6,27,34,23,1,0,57,0
948,1438,8/23/2017,2017,8,23,15,capital,45,7,5,9,12,8,18,14,38,1,0,52,0
949,1438,10/2/2016,2016,10,2,16,alqurayyat,5,2,1,0,2,2,2,7,0,1,0,7,0
950,1438,11/1/2016,2016,11,1,16,alqurayyat,4,1,2,1,1,1,0,5,0,1,0,5,0
951,1438,11/30/2016,2016,11,30,16,alqurayyat,10,0,2,4,2,0,2,8,2,1,0,10,0
952,1438,12/30/2016,2016,12,30,16,alqurayyat,4,0,1,1,1,1,0,1,3,1,0,4,0
953,1438,1/29/2017,2017,1,29,16,alqurayyat,8,2,3,4,0,1,2,10,0,1,0,10,0
954,1438,2/28/2017,2017,2,28,16,alqurayyat,5,0,0,3,0,1,1,5,0,1,0,5,0
955,1438,3/29/2017,2017,3,29,16,alqurayyat,3,0,2,1,0,0,0,3,0,1,0,3,0
956,1438,4/27/2017,2017,4,27,16,alqurayyat,3,0,2,0,1,0,0,2,1,1,0,3,0
957,1438,5/27/2017,2017,5,27,16,alqurayyat,3,4,4,0,1,1,1,2,5,1,0,7,0
958,1438,6/25/2017,2017,6,25,16,alqurayyat,8,1,1,6,0,1,1,8,1,1,0,9,0
959,1438,7/24/2017,2017,7,24,16,alqurayyat,7,1,4,2,1,0,1,6,2,1,0,8,0
960,1438,8/23/2017,2017,8,23,16,alqurayyat,5,1,2,2,1,0,1,4,2,1,0,6,0
961,1439,9/21/2017,2017,9,21,1,riyadh,95,5,9,38,27,12,14,46,54,1,0,100,0
962,1439,10/21/2017,2017,10,21,1,riyadh,93,5,9,38,25,14,12,46,52,1,0,98,0
963,1439,11/19/2017,2017,11,19,1,riyadh,94,11,22,13,35,24,11,59,46,1,0,105,0
964,1439,12/19/2017,2017,12,19,1,riyadh,85,6,29,22,19,13,8,49,42,1,0,91,0
965,1439,1/18/2018,2018,1,18,1,riyadh,95,1,15,35,26,12,8,52,44,1,0,96,0
966,1439,2/17/2018,2018,2,17,1,riyadh,89,7,35,33,10,13,5,41,55,1,0,96,0
967,1439,3/18/2018,2018,3,18,1,riyadh,67,16,22,19,29,9,4,44,39,1,0,83,0
968,1439,4/17/2018,2018,4,17,1,riyadh,66,9,11,23,20,14,7,42,33,1,0,75,0
969,1439,5/16/2018,2018,5,16,1,riyadh,75,7,12,28,25,12,5,34,48,1,0,82,0
970,1439,6/15/2018,2018,6,15,1,riyadh,92,8,21,40,19,15,5,55,45,1,0,100,0
971,1439,7/14/2018,2018,7,14,1,riyadh,60,5,13,21,15,9,7,28,37,1,0,65,0
972,1439,8/12/2018,2018,8,12,1,riyadh,93,7,16,37,29,8,10,53,47,1,0,100,0
973,1439,9/21/2017,2017,9,21,2,madinah,37,6,5,8,9,11,10,23,20,1,0,43,0
974,1439,10/21/2017,2017,10,21,2,madinah,36,9,5,9,11,7,13,15,30,1,0,45,0
975,1439,11/19/2017,2017,11,19,2,madinah,27,9,2,5,11,8,10,18,18,1,0,36,0
976,1439,12/19/2017,2017,12,19,2,madinah,37,5,4,10,13,8,7,29,13,1,0,42,0
977,1439,1/18/2018,2018,1,18,2,madinah,16,5,2,5,6,4,4,7,14,1,0,21,0
978,1439,2/17/2018,2018,2,17,2,madinah,29,7,6,11,7,6,6,21,15,1,0,36,0
979,1439,3/18/2018,2018,3,18,2,madinah,25,10,6,9,8,5,7,15,20,1,0,35,0
980,1439,4/17/2018,2018,4,17,2,madinah,19,4,6,11,5,1,0,10,13,1,0,23,0
981,1439,5/16/2018,2018,5,16,2,madinah,60,13,12,17,16,14,14,25,48,1,0,73,0
982,1439,6/15/2018,2018,6,15,2,madinah,49,6,8,15,14,9,9,25,30,1,0,55,0
983,1439,7/14/2018,2018,7,14,2,madinah,26,13,7,13,7,4,8,13,26,1,0,39,0
984,1439,8/12/2018,2018,8,12,2,madinah,29,6,5,13,7,5,5,14,21,1,0,35,0
985,1439,9/21/2017,2017,9,21,3,easternprovince,58,4,6,23,16,10,7,34,28,1,0,62,0
986,1439,10/21/2017,2017,10,21,3,easternprovince,65,4,6,26,19,8,10,35,34,1,0,69,0
987,1439,11/19/2017,2017,11,19,3,easternprovince,54,4,4,19,14,12,9,35,23,1,0,58,0
988,1439,12/19/2017,2017,12,19,3,easternprovince,67,12,11,29,22,7,10,43,36,1,0,79,0
989,1439,1/18/2018,2018,1,18,3,easternprovince,36,4,3,12,11,5,9,22,18,1,0,40,0
990,1439,2/17/2018,2018,2,17,3,easternprovince,35,7,6,14,13,5,4,25,17,1,0,42,0
991,1439,3/18/2018,2018,3,18,3,easternprovince,50,3,4,23,7,7,12,29,24,1,0,53,0
992,1439,4/17/2018,2018,4,17,3,easternprovince,58,2,7,22,11,12,8,42,18,1,0,60,0
993,1439,5/16/2018,2018,5,16,3,easternprovince,51,2,3,23,14,5,8,22,31,1,0,53,0
994,1439,6/15/2018,2018,6,15,3,easternprovince,47,8,2,27,15,5,6,31,24,1,0,55,0
995,1439,7/14/2018,2018,7,14,3,easternprovince,43,2,7,14,11,8,5,22,23,1,0,45,0
996,1439,8/12/2018,2018,8,12,3,easternprovince,43,2,7,14,11,9,4,24,21,1,0,45,0
997,1439,9/21/2017,2017,9,21,4,northernborders,5,1,1,1,2,0,2,2,4,1,0,6,0
998,1439,10/21/2017,2017,10,21,4,northernborders,5,0,1,1,1,0,2,3,2,1,0,5,0
999,1439,11/19/2017,2017,11,19,4,northernborders,9,0,2,1,4,1,1,7,2,1,0,9,0
1000,1439,12/19/2017,2017,12,19,4,northernborders,7,1,2,3,1,1,1,6,2,1,0,8,0
1001,1439,1/18/2018,2018,1,18,4,northernborders,5,0,0,3,1,1,0,3,2,1,0,5,0
1002,1439,2/17/2018,2018,2,17,4,northernborders,2,1,1,0,1,0,1,3,0,1,0,3,0
1003,1439,3/18/2018,2018,3,18,4,northernborders,8,2,4,2,2,1,1,4,6,1,0,10,0
1004,1439,4/17/2018,2018,4,17,4,northernborders,6,1,1,0,3,1,2,5,2,1,0,7,0
1005,1439,5/16/2018,2018,5,16,4,northernborders,4,0,2,2,0,0,0,4,0,1,0,4,0
1006,1439,6/15/2018,2018,6,15,4,northernborders,2,0,0,0,2,0,0,1,1,1,0,2,0
1007,1439,7/14/2018,2018,7,14,4,northernborders,8,0,0,7,1,0,0,8,0,1,0,8,0
1008,1439,8/12/2018,2018,8,12,4,northernborders,6,2,2,1,3,1,1,5,3,1,0,8,0
1009,1439,9/21/2017,2017,9,21,5,tabuk,22,2,2,12,3,2,5,20,4,1,0,24,0
1010,1439,10/21/2017,2017,10,21,5,tabuk,22,1,3,13,1,2,4,18,5,1,0,23,0
1011,1439,11/19/2017,2017,11,19,5,tabuk,25,9,7,11,8,3,5,29,5,1,0,34,0
1012,1439,12/19/2017,2017,12,19,5,tabuk,20,1,1,7,6,2,5,16,5,1,0,21,0
1013,1439,1/18/2018,2018,1,18,5,tabuk,26,4,5,13,6,5,1,21,9,1,0,30,0
1014,1439,2/17/2018,2018,2,17,5,tabuk,15,1,1,4,6,5,0,10,6,1,0,16,0
1015,1439,3/18/2018,2018,3,18,5,tabuk,17,2,0,11,4,0,4,11,8,1,0,19,0
1016,1439,4/17/2018,2018,4,17,5,tabuk,18,1,3,9,2,1,4,17,2,1,0,19,0
1017,1439,5/16/2018,2018,5,16,5,tabuk,35,5,6,15,11,2,6,26,14,1,0,40,0
1018,1439,6/15/2018,2018,6,15,5,tabuk,24,4,3,10,8,5,2,25,3,1,0,28,0
1019,1439,7/14/2018,2018,7,14,5,tabuk,17,4,3,5,7,4,2,10,11,1,0,21,0
1020,1439,8/12/2018,2018,8,12,5,tabuk,15,3,2,4,5,4,3,14,4,1,0,18,0
1021,1439,9/21/2017,2017,9,21,6,aljouf,8,0,1,4,1,2,0,4,4,1,0,8,0
1022,1439,10/21/2017,2017,10,21,6,aljouf,9,0,2,4,3,0,0,9,0,1,0,9,0
1023,1439,11/19/2017,2017,11,19,6,aljouf,4,2,1,1,2,2,0,4,2,1,0,6,0
1024,1439,12/19/2017,2017,12,19,6,aljouf,9,0,0,4,4,1,0,7,2,1,0,9,0
1025,1439,1/18/2018,2018,1,18,6,aljouf,5,0,1,0,2,2,0,2,3,1,0,5,0
1026,1439,2/17/2018,2018,2,17,6,aljouf,9,2,2,4,3,0,2,9,2,1,0,11,0
1027,1439,3/18/2018,2018,3,18,6,aljouf,6,1,2,1,3,0,1,7,0,1,0,7,0
1028,1439,4/17/2018,2018,4,17,6,aljouf,8,2,3,3,2,0,2,6,4,1,0,10,0
1029,1439,5/16/2018,2018,5,16,6,aljouf,6,3,4,3,0,2,0,9,0,1,0,9,0
1030,1439,6/15/2018,2018,6,15,6,aljouf,7,5,3,6,1,2,0,10,2,1,0,12,0
1031,1439,7/14/2018,2018,7,14,6,aljouf,10,0,1,6,1,1,1,8,2,1,0,10,0
1032,1439,8/12/2018,2018,8,12,6,aljouf,4,2,1,2,0,1,2,5,1,1,0,6,0
1033,1439,9/21/2017,2017,9,21,7,hail,8,1,0,5,4,0,0,7,2,1,0,9,0
1034,1439,10/21/2017,2017,10,21,7,hail,18,2,2,11,3,3,1,18,2,1,0,20,0
1035,1439,11/19/2017,2017,11,19,7,hail,28,1,1,17,5,4,2,26,3,1,0,29,0
1036,1439,12/19/2017,2017,12,19,7,hail,12,1,3,5,3,2,0,11,2,1,0,13,0
1037,1439,1/18/2018,2018,1,18,7,hail,13,1,1,7,3,3,0,11,3,1,0,14,0
1038,1439,2/17/2018,2018,2,17,7,hail,8,1,0,3,4,2,0,7,2,1,0,9,0
1039,1439,3/18/2018,2018,3,18,7,hail,6,0,1,2,2,1,0,5,1,1,0,6,0
1040,1439,4/17/2018,2018,4,17,7,hail,27,1,2,12,8,4,2,25,3,1,0,28,0
1041,1439,5/16/2018,2018,5,16,7,hail,15,1,1,7,4,2,2,14,2,1,0,16,0
1042,1439,6/15/2018,2018,6,15,7,hail,22,1,0,7,12,4,0,14,9,1,0,23,0
1043,1439,7/14/2018,2018,7,14,7,hail,12,0,0,7,3,2,0,10,2,1,0,12,0
1044,1439,8/12/2018,2018,8,12,7,hail,11,3,3,4,3,3,1,12,2,1,0,14,0
1045,1439,9/21/2017,2017,9,21,8,najran,14,6,4,3,8,4,1,8,12,1,0,20,0
1046,1439,10/21/2017,2017,10,21,8,najran,13,0,1,6,4,1,1,8,5,1,0,13,0
1047,1439,11/19/2017,2017,11,19,8,najran,13,1,3,3,0,3,5,9,5,1,0,14,0
1048,1439,12/19/2017,2017,12,19,8,najran,13,2,3,5,5,1,1,10,5,1,0,15,0
1049,1439,1/18/2018,2018,1,18,8,najran,12,1,1,7,3,0,2,11,2,1,0,13,0
1050,1439,2/17/2018,2018,2,17,8,najran,6,0,1,1,1,0,3,1,5,1,0,6,0
1051,1439,3/18/2018,2018,3,18,8,najran,19,2,1,7,6,1,6,11,10,1,0,21,0
1052,1439,4/17/2018,2018,4,17,8,najran,9,0,0,1,4,1,3,5,4,1,0,9,0
1053,1439,5/16/2018,2018,5,16,8,najran,19,3,2,7,3,8,2,11,11,1,0,22,0
1054,1439,6/15/2018,2018,6,15,8,najran,13,1,4,3,2,3,2,11,3,1,0,14,0
1055,1439,7/14/2018,2018,7,14,8,najran,12,3,1,6,5,2,1,5,10,1,0,15,0
1056,1439,8/12/2018,2018,8,12,8,najran,13,1,3,3,0,3,5,7,7,1,0,14,0
1057,1439,9/21/2017,2017,9,21,9,qassim,24,0,0,11,10,2,1,13,11,1,0,24,0
1058,1439,10/21/2017,2017,10,21,9,qassim,18,1,2,9,3,3,2,14,5,1,0,19,0
1059,1439,11/19/2017,2017,11,19,9,qassim,14,2,2,3,4,2,5,10,6,1,0,16,0
1060,1439,12/19/2017,2017,12,19,9,qassim,24,3,4,7,11,3,2,15,12,1,0,27,0
1061,1439,1/18/2018,2018,1,18,9,qassim,26,1,1,9,7,4,6,18,9,1,0,27,0
1062,1439,2/17/2018,2018,2,17,9,qassim,11,1,1,5,4,1,1,8,4,1,0,12,0
1063,1439,3/18/2018,2018,3,18,9,qassim,23,0,2,8,12,1,0,14,9,1,0,23,0
1064,1439,4/17/2018,2018,4,17,9,qassim,11,1,2,2,6,1,1,7,5,1,0,12,0
1065,1439,5/16/2018,2018,5,16,9,qassim,22,0,3,9,7,2,1,9,13,1,0,22,0
1066,1439,6/15/2018,2018,6,15,9,qassim,15,2,2,4,5,2,4,10,7,1,0,17,0
1067,1439,7/14/2018,2018,7,14,9,qassim,12,0,0,6,6,0,0,7,5,1,0,12,0
1068,1439,8/12/2018,2018,8,12,9,qassim,13,1,3,6,2,2,1,9,5,1,0,14,0
1069,1439,9/21/2017,2017,9,21,10,albaha,16,1,1,7,3,4,2,14,3,1,0,17,0
1070,1439,10/21/2017,2017,10,21,10,albaha,7,0,4,1,0,1,1,7,0,1,0,7,0
1071,1439,11/19/2017,2017,11,19,10,albaha,8,0,2,3,1,1,1,6,2,1,0,8,0
1072,1439,12/19/2017,2017,12,19,10,albaha,6,0,2,1,1,0,2,6,0,1,0,6,0
1073,1439,1/18/2018,2018,1,18,10,albaha,14,0,1,7,6,0,0,5,9,1,0,14,0
1074,1439,2/17/2018,2018,2,17,10,albaha,6,1,0,4,1,1,1,7,0,1,0,7,0
1075,1439,3/18/2018,2018,3,18,10,albaha,11,3,1,4,4,1,4,13,1,1,0,14,0
1076,1439,4/17/2018,2018,4,17,10,albaha,2,3,1,2,1,0,1,4,1,1,0,5,0
1077,1439,5/16/2018,2018,5,16,10,albaha,6,0,1,2,2,1,0,4,2,1,0,6,0
1078,1439,6/15/2018,2018,6,15,10,albaha,7,3,1,3,3,0,3,7,3,1,0,10,0
1079,1439,7/14/2018,2018,7,14,10,albaha,9,1,1,2,0,1,6,10,0,1,0,10,0
1080,1439,8/12/2018,2018,8,12,10,albaha,6,1,0,3,0,1,3,6,1,1,0,7,0
1081,1439,9/21/2017,2017,9,21,11,asir,52,6,12,24,14,4,4,45,13,1,0,58,0
1082,1439,10/21/2017,2017,10,21,11,asir,54,5,13,21,16,2,7,38,21,1,0,59,0
1083,1439,11/19/2017,2017,11,19,11,asir,60,2,4,24,11,9,14,42,20,1,0,62,0
1084,1439,12/19/2017,2017,12,19,11,asir,47,6,9,13,11,7,13,46,7,1,0,53,0
1085,1439,1/18/2018,2018,1,18,11,asir,40,9,6,16,11,7,9,34,15,1,0,49,0
1086,1439,2/17/2018,2018,2,17,11,asir,48,5,8,15,12,6,12,42,11,1,0,53,0
1087,1439,3/18/2018,2018,3,18,11,asir,43,3,7,17,14,2,6,30,16,1,0,46,0
1088,1439,4/17/2018,2018,4,17,11,asir,69,3,10,34,18,2,8,61,11,1,0,72,0
1089,1439,5/16/2018,2018,5,16,11,asir,54,6,6,27,10,7,10,45,15,1,0,60,0
1090,1439,6/15/2018,2018,6,15,11,asir,66,8,13,31,16,6,8,53,21,1,0,74,0
1091,1439,7/14/2018,2018,7,14,11,asir,45,5,10,17,10,4,9,38,12,1,0,50,0
1092,1439,8/12/2018,2018,8,12,11,asir,54,6,6,27,13,5,9,44,16,1,0,60,0
1093,1439,9/21/2017,2017,9,21,12,jazan,54,4,9,22,15,4,8,39,19,1,0,58,0
1094,1439,10/21/2017,2017,10,21,12,jazan,48,7,11,15,15,6,8,37,18,1,0,55,0
1095,1439,11/19/2017,2017,11,19,12,jazan,42,8,10,21,9,3,7,37,13,1,0,50,0
1096,1439,12/19/2017,2017,12,19,12,jazan,56,9,14,32,3,7,9,45,20,1,0,65,0
1097,1439,1/18/2018,2018,1,18,12,jazan,38,6,14,11,3,7,9,34,10,1,0,44,0
1098,1439,2/17/2018,2018,2,17,12,jazan,38,2,6,12,13,3,6,31,9,1,0,40,0
1099,1439,3/18/2018,2018,3,18,12,jazan,30,5,4,10,12,3,6,26,9,1,0,35,0
1100,1439,4/17/2018,2018,4,17,12,jazan,34,3,5,15,10,2,5,29,8,1,0,37,0
1101,1439,5/16/2018,2018,5,16,12,jazan,35,4,5,12,10,3,9,27,12,1,0,39,0
1102,1439,6/15/2018,2018,6,15,12,jazan,3,40,13,12,8,6,4,34,9,1,0,43,0
1103,1439,7/14/2018,2018,7,14,12,jazan,37,10,7,13,14,5,8,30,17,1,0,47,0
1104,1439,8/12/2018,2018,8,12,12,jazan,49,1,8,15,16,6,5,34,16,1,0,50,0
1105,1439,9/21/2017,2017,9,21,13,jeddah,27,4,3,8,7,6,7,12,19,1,0,31,0
1106,1439,10/21/2017,2017,10,21,13,jeddah,27,5,3,11,8,6,4,18,14,1,0,32,0
1107,1439,11/19/2017,2017,11,19,13,jeddah,26,0,3,8,7,5,3,9,17,1,0,26,0
1108,1439,12/19/2017,2017,12,19,13,jeddah,29,2,1,12,10,7,1,18,13,1,0,31,0
1109,1439,1/18/2018,2018,1,18,13,jeddah,16,1,3,4,3,3,4,8,9,1,0,17,0
1110,1439,2/17/2018,2018,2,17,13,jeddah,26,0,2,8,5,7,4,12,14,1,0,26,0
1111,1439,3/18/2018,2018,3,18,13,jeddah,20,7,3,9,5,6,4,11,16,1,0,27,0
1112,1439,4/17/2018,2018,4,17,13,jeddah,36,5,4,14,12,6,5,15,26,1,0,41,0
1113,1439,5/16/2018,2018,5,16,13,jeddah,29,3,3,12,7,6,4,8,24,1,0,32,0
1114,1439,6/15/2018,2018,6,15,13,jeddah,28,4,1,12,10,5,4,11,21,1,0,32,0
1115,1439,7/14/2018,2018,7,14,13,jeddah,20,2,0,9,6,4,3,13,9,1,0,22,0
1116,1439,8/12/2018,2018,8,12,13,jeddah,18,2,0,10,5,3,2,7,13,1,0,20,0
1117,1439,9/21/2017,2017,9,21,14,taif,9,19,2,7,6,8,5,21,7,1,0,28,0
1118,1439,10/21/2017,2017,10,21,14,taif,28,0,2,7,8,7,4,14,14,1,0,28,0
1119,1439,11/19/2017,2017,11,19,14,taif,36,1,8,12,8,4,5,24,13,1,0,37,0
1120,1439,12/19/2017,2017,12,19,14,taif,29,6,7,6,7,7,8,21,14,1,0,35,0
1121,1439,1/18/2018,2018,1,18,14,taif,26,2,5,7,7,4,5,20,8,1,0,28,0
1122,1439,2/17/2018,2018,2,17,14,taif,30,3,6,8,8,6,5,24,9,1,0,33,0
1123,1439,3/18/2018,2018,3,18,14,taif,31,3,5,7,10,9,3,29,5,1,0,34,0
1124,1439,4/17/2018,2018,4,17,14,taif,24,9,6,8,12,6,1,24,9,1,0,33,0
1125,1439,5/16/2018,2018,5,16,14,taif,32,7,5,9,12,10,3,28,11,1,0,39,0
1126,1439,6/15/2018,2018,6,15,14,taif,11,6,2,4,5,3,3,13,4,1,0,17,0
1127,1439,7/14/2018,2018,7,14,14,taif,9,2,1,2,5,1,2,8,3,1,0,11,0
1128,1439,8/12/2018,2018,8,12,14,taif,26,6,2,12,13,4,1,26,6,1,0,32,0
1129,1439,9/21/2017,2017,9,21,15,capital,51,7,3,20,14,11,10,36,22,1,0,58,0
1130,1439,10/21/2017,2017,10,21,15,capital,57,4,7,13,12,17,12,38,23,1,0,61,0
1131,1439,11/19/2017,2017,11,19,15,capital,34,14,4,9,9,2,24,30,18,1,0,48,0
1132,1439,12/19/2017,2017,12,19,15,capital,38,8,2,11,8,5,20,34,12,1,0,46,0
1133,1439,1/18/2018,2018,1,18,15,capital,36,7,4,7,6,12,14,25,18,1,0,43,0
1134,1439,2/17/2018,2018,2,17,15,capital,40,9,3,9,7,7,23,34,15,1,0,49,0
1135,1439,3/18/2018,2018,3,18,15,capital,27,3,1,5,5,4,15,17,13,1,0,30,0
1136,1439,4/17/2018,2018,4,17,15,capital,24,10,4,5,4,3,18,15,19,1,0,34,0
1137,1439,5/16/2018,2018,5,16,15,capital,63,16,7,18,9,16,29,42,37,1,0,79,0
1138,1439,6/15/2018,2018,6,15,15,capital,49,11,5,10,17,9,19,35,25,1,0,60,0
1139,1439,7/14/2018,2018,7,14,15,capital,36,6,4,10,10,2,16,25,17,1,0,42,0
1140,1439,8/12/2018,2018,8,12,15,capital,48,11,3,8,7,10,31,31,28,1,0,59,0
1141,1439,9/21/2017,2017,9,21,16,alqurayyat,0,0,0,0,0,0,0,0,0,1,0,0,0
1142,1439,10/21/2017,2017,10,21,16,alqurayyat,12,1,3,6,3,1,0,12,1,1,0,13,0
1143,1439,11/19/2017,2017,11,19,16,alqurayyat,8,1,1,5,2,1,0,7,2,1,0,9,0
1144,1439,12/19/2017,2017,12,19,16,alqurayyat,2,0,0,1,0,0,1,2,0,1,0,2,0
1145,1439,1/18/2018,2018,1,18,16,alqurayyat,4,0,0,1,1,0,2,4,0,1,0,4,0
1146,1439,2/17/2018,2018,2,17,16,alqurayyat,0,0,0,0,0,0,0,0,0,1,0,0,0
1147,1439,3/18/2018,2018,3,18,16,alqurayyat,5,0,3,1,0,1,0,4,1,1,0,5,0
1148,1439,4/17/2018,2018,4,17,16,alqurayyat,0,0,0,0,0,0,0,0,0,1,0,0,0
1149,1439,5/16/2018,2018,5,16,16,alqurayyat,5,3,1,3,1,0,3,3,5,1,0,8,0
1150,1439,6/15/2018,2018,6,15,16,alqurayyat,1,1,1,0,1,0,0,2,0,1,0,2,0
1151,1439,7/14/2018,2018,7,14,16,alqurayyat,4,0,0,3,0,0,1,4,0,1,0,4,0
1152,1439,8/12/2018,2018,8,12,16,alqurayyat,6,2,2,2,1,2,1,7,1,1,0,8,0
